x,y,lie,club
12.894176971275016,213.90160969260887,rough,Driver
-2.105823028724984,236.90160969260887,fairway,Driver
-5.105823028724984,230.90160969260887,fairway,Driver
18.894176971275016,220.90160969260887,rough,Driver
-3.105823028724984,210.90160969260887,fairway,Driver
6.894176971275016,228.90160969260887,fairway,Driver
-12.105823028724984,227.90160969260887,fairway,Driver
-13.105823028724984,236.90160969260887,fairway,Driver
-26.105823028724984,245.90160969260887,rough,Driver
6.894176971275016,219.90160969260887,fairway,Driver
3.894176971275016,216.90160969260887,fairway,Driver
-23.105823028724984,228.90160969260887,rough,Driver
2.894176971275016,223.90160969260887,fairway,Driver
-20.105823028724984,228.90160969260887,rough,Driver
-11.105823028724984,234.90160969260887,fairway,Driver
-2.105823028724984,230.90160969260887,fairway,Driver
17.894176971275016,222.90160969260887,rough,Driver
-11.105823028724984,237.90160969260887,fairway,Driver
-57.105823028724984,234.90160969260887,rough,Driver
-22.105823028724984,221.90160969260887,rough,Driver
5.894176971275016,228.90160969260887,fairway,Driver
0.8941769712750158,221.90160969260887,fairway,Driver
16.894176971275016,213.90160969260887,rough,Driver
10.894176971275016,226.90160969260887,fairway,Driver
1.894176971275016,227.90160969260887,fairway,Driver
18.894176971275016,228.90160969260887,rough,Driver
-7.105823028724984,222.90160969260887,fairway,Driver
-19.105823028724984,245.90160969260887,rough,Driver
9.894176971275016,215.90160969260887,fairway,Driver
7.894176971275016,225.90160969260887,fairway,Driver
-10.105823028724984,219.90160969260887,fairway,Driver
10.894176971275016,224.90160969260887,fairway,Driver
-26.105823028724984,220.90160969260887,rough,Driver
7.894176971275016,212.90160969260887,fairway,Driver
-10.105823028724984,227.90160969260887,fairway,Driver
18.894176971275016,223.90160969260887,rough,Driver
12.894176971275016,232.90160969260887,fairway,Driver
15.894176971275016,223.90160969260887,rough,Driver
7.894176971275016,222.90160969260887,fairway,Driver
1.894176971275016,203.90160969260887,fairway,Driver
-0.1058230287249841,233.90160969260887,fairway,Driver
0.8941769712750158,223.90160969260887,fairway,Driver
-7.105823028724984,223.90160969260887,fairway,Driver
-1.1058230287249842,231.90160969260887,fairway,Driver
8.894176971275016,224.90160969260887,fairway,Driver
-31.105823028724984,229.90160969260887,rough,Driver
-6.105823028724984,237.90160969260887,fairway,Driver
18.894176971275016,226.90160969260887,rough,Driver
14.894176971275016,230.90160969260887,rough,Driver
18.894176971275016,235.90160969260887,rough,Driver
-0.1058230287249841,221.90160969260887,fairway,Driver
-7.105823028724984,221.90160969260887,fairway,Driver
-0.1058230287249841,253.90160969260887,fairway,Driver
-19.105823028724984,211.90160969260887,fairway,Driver
-24.105823028724984,239.90160969260887,rough,Driver
-6.105823028724984,210.90160969260887,fairway,Driver
4.894176971275016,211.90160969260887,fairway,Driver
-14.105823028724984,235.90160969260887,fairway,Driver
-18.105823028724984,223.90160969260887,fairway,Driver
-21.105823028724984,240.90160969260887,rough,Driver
-33.105823028724984,226.90160969260887,rough,Driver
3.894176971275016,234.90160969260887,fairway,Driver
18.894176971275016,203.90160969260887,rough,Driver
-22.105823028724984,237.90160969260887,rough,Driver
13.894176971275016,230.90160969260887,fairway,Driver
5.894176971275016,219.90160969260887,fairway,Driver
-20.105823028724984,218.90160969260887,rough,Driver
-27.105823028724984,218.90160969260887,rough,Driver
-9.105823028724984,230.90160969260887,fairway,Driver
-25.105823028724984,235.90160969260887,rough,Driver
-17.105823028724984,239.90160969260887,fairway,Driver
9.894176971275016,222.90160969260887,fairway,Driver
-7.105823028724984,214.90160969260887,fairway,Driver
18.894176971275016,224.90160969260887,rough,Driver
14.894176971275016,226.90160969260887,rough,Driver
-23.105823028724984,232.90160969260887,rough,Driver
-6.105823028724984,238.90160969260887,fairway,Driver
-2.105823028724984,219.90160969260887,fairway,Driver
-25.105823028724984,232.90160969260887,rough,Driver
-37.105823028724984,221.90160969260887,rough,Driver
-25.105823028724984,244.90160969260887,rough,Driver
-28.105823028724984,218.90160969260887,rough,Driver
18.894176971275016,208.90160969260887,rough,Driver
-1.1058230287249842,232.90160969260887,fairway,Driver
9.894176971275016,226.90160969260887,fairway,Driver
12.894176971275016,230.90160969260887,fairway,Driver
-18.105823028724984,218.90160969260887,fairway,Driver
-8.105823028724984,222.90160969260887,fairway,Driver
14.894176971275016,229.90160969260887,rough,Driver
7.894176971275016,226.90160969260887,fairway,Driver
-1.1058230287249842,233.90160969260887,fairway,Driver
-47.105823028724984,224.90160969260887,rough,Driver
18.894176971275016,215.90160969260887,rough,Driver
-26.105823028724984,222.90160969260887,rough,Driver
-6.105823028724984,250.90160969260887,fairway,Driver
15.894176971275016,227.90160969260887,rough,Driver
-3.105823028724984,218.90160969260887,fairway,Driver
-18.105823028724984,233.90160969260887,fairway,Driver
7.894176971275016,216.90160969260887,fairway,Driver
-18.105823028724984,225.90160969260887,fairway,Driver
-21.105823028724984,203.90160969260887,rough,3-wood
2.894176971275016,198.90160969260887,fairway,3-wood
-9.105823028724984,206.90160969260887,fairway,3-wood
-2.105823028724984,215.90160969260887,fairway,3-wood
-12.105823028724984,205.90160969260887,fairway,3-wood
-4.105823028724984,212.90160969260887,fairway,3-wood
-12.105823028724984,201.90160969260887,fairway,3-wood
13.894176971275016,191.90160969260887,rough,3-wood
0.8941769712750158,199.90160969260887,fairway,3-wood
-2.105823028724984,197.90160969260887,fairway,3-wood
18.894176971275016,199.90160969260887,rough,3-wood
15.894176971275016,190.90160969260887,rough,3-wood
-18.105823028724984,211.90160969260887,fairway,3-wood
5.894176971275016,193.90160969260887,fairway,3-wood
-6.105823028724984,219.90160969260887,fairway,3-wood
8.894176971275016,203.90160969260887,fairway,3-wood
-12.105823028724984,205.90160969260887,fairway,3-wood
-13.105823028724984,207.90160969260887,fairway,3-wood
5.894176971275016,186.90160969260887,fairway,3-wood
-4.105823028724984,205.90160969260887,fairway,3-wood
9.894176971275016,188.90160969260887,rough,3-wood
-26.105823028724984,187.90160969260887,rough,3-wood
18.894176971275016,202.90160969260887,rough,3-wood
-5.105823028724984,205.90160969260887,fairway,3-wood
-21.105823028724984,219.90160969260887,rough,3-wood
-8.105823028724984,204.90160969260887,fairway,3-wood
-9.105823028724984,203.90160969260887,fairway,3-wood
-10.105823028724984,196.90160969260887,fairway,3-wood
-18.105823028724984,206.90160969260887,fairway,3-wood
18.894176971275016,206.90160969260887,rough,3-wood
18.894176971275016,183.90160969260887,rough,3-wood
-3.105823028724984,205.90160969260887,fairway,3-wood
-6.105823028724984,211.90160969260887,fairway,3-wood
13.894176971275016,193.90160969260887,rough,3-wood
2.894176971275016,200.90160969260887,fairway,3-wood
-16.105823028724984,206.90160969260887,fairway,3-wood
9.894176971275016,194.90160969260887,rough,3-wood
-34.105823028724984,207.90160969260887,rough,3-wood
-17.105823028724984,228.90160969260887,fairway,3-wood
-0.1058230287249841,193.90160969260887,fairway,3-wood
-3.105823028724984,199.90160969260887,fairway,3-wood
-0.1058230287249841,206.90160969260887,fairway,3-wood
18.894176971275016,205.90160969260887,rough,3-wood
-2.105823028724984,218.90160969260887,fairway,3-wood
-22.105823028724984,217.90160969260887,rough,3-wood
-14.105823028724984,201.90160969260887,fairway,3-wood
3.894176971275016,214.90160969260887,fairway,3-wood
16.894176971275016,214.90160969260887,rough,3-wood
12.894176971275016,191.90160969260887,rough,3-wood
11.894176971275016,197.90160969260887,rough,3-wood
15.894176971275016,195.90160969260887,rough,3-wood
-7.105823028724984,220.90160969260887,fairway,3-wood
1.894176971275016,190.90160969260887,fairway,3-wood
5.894176971275016,205.90160969260887,fairway,3-wood
-4.105823028724984,205.90160969260887,fairway,3-wood
6.894176971275016,191.90160969260887,fairway,3-wood
-1.1058230287249842,209.90160969260887,fairway,3-wood
-19.105823028724984,198.90160969260887,fairway,3-wood
9.894176971275016,187.90160969260887,rough,3-wood
-2.105823028724984,206.90160969260887,fairway,3-wood
10.894176971275016,192.90160969260887,rough,3-wood
4.894176971275016,196.90160969260887,fairway,3-wood
18.894176971275016,196.90160969260887,rough,3-wood
-28.105823028724984,211.90160969260887,rough,3-wood
-25.105823028724984,208.90160969260887,rough,3-wood
18.894176971275016,187.90160969260887,rough,3-wood
17.894176971275016,181.90160969260887,rough,3-wood
-7.105823028724984,203.90160969260887,fairway,3-wood
-33.105823028724984,202.90160969260887,rough,3-wood
18.894176971275016,182.90160969260887,rough,3-wood
-4.105823028724984,205.90160969260887,fairway,3-wood
2.894176971275016,193.90160969260887,fairway,3-wood
-11.105823028724984,195.90160969260887,fairway,3-wood
18.894176971275016,192.90160969260887,rough,3-wood
18.894176971275016,204.90160969260887,rough,3-wood
-18.105823028724984,188.90160969260887,fairway,3-wood
-11.105823028724984,212.90160969260887,fairway,3-wood
15.894176971275016,209.90160969260887,rough,3-wood
-10.105823028724984,205.90160969260887,fairway,3-wood
1.894176971275016,169.90160969260887,fairway,3-wood
-1.1058230287249842,206.90160969260887,fairway,3-wood
-6.105823028724984,205.90160969260887,fairway,3-wood
8.894176971275016,190.90160969260887,rough,3-wood
-15.105823028724984,205.90160969260887,fairway,3-wood
11.894176971275016,189.90160969260887,rough,3-wood
-3.105823028724984,196.90160969260887,fairway,3-wood
-1.1058230287249842,207.90160969260887,fairway,3-wood
-7.105823028724984,194.90160969260887,fairway,3-wood
-3.105823028724984,218.90160969260887,fairway,3-wood
18.894176971275016,199.90160969260887,rough,3-wood
-3.105823028724984,203.90160969260887,fairway,3-wood
-5.105823028724984,198.90160969260887,fairway,3-wood
-3.105823028724984,203.90160969260887,fairway,3-wood
15.894176971275016,187.90160969260887,rough,3-wood
0.8941769712750158,191.90160969260887,fairway,3-wood
1.894176971275016,201.90160969260887,fairway,3-wood
11.894176971275016,190.90160969260887,rough,3-wood
-25.105823028724984,194.90160969260887,rough,3-wood
-7.105823028724984,206.90160969260887,fairway,3-wood
-4.105823028724984,193.90160969260887,fairway,3-wood
-38.105823028724984,199.90160969260887,rough,5-wood
17.894176971275016,189.90160969260887,rough,5-wood
4.894176971275016,209.90160969260887,fairway,5-wood
3.894176971275016,187.90160969260887,fairway,5-wood
8.894176971275016,182.90160969260887,rough,5-wood
18.894176971275016,188.90160969260887,rough,5-wood
-0.1058230287249841,196.90160969260887,fairway,5-wood
-25.105823028724984,208.90160969260887,rough,5-wood
1.894176971275016,189.90160969260887,fairway,5-wood
-13.105823028724984,192.90160969260887,fairway,5-wood
-27.105823028724984,206.90160969260887,rough,5-wood
-6.105823028724984,211.90160969260887,fairway,5-wood
-13.105823028724984,189.90160969260887,fairway,5-wood
-0.1058230287249841,190.90160969260887,fairway,5-wood
-12.105823028724984,200.90160969260887,fairway,5-wood
13.894176971275016,189.90160969260887,rough,5-wood
9.894176971275016,190.90160969260887,rough,5-wood
-2.105823028724984,202.90160969260887,fairway,5-wood
-9.105823028724984,179.90160969260887,fairway,5-wood
17.894176971275016,184.90160969260887,rough,5-wood
12.894176971275016,197.90160969260887,rough,5-wood
-7.105823028724984,185.90160969260887,fairway,5-wood
1.894176971275016,166.90160969260887,fairway,5-wood
-13.105823028724984,195.90160969260887,fairway,5-wood
-9.105823028724984,203.90160969260887,fairway,5-wood
-24.105823028724984,186.90160969260887,rough,5-wood
-19.105823028724984,189.90160969260887,fairway,5-wood
8.894176971275016,186.90160969260887,rough,5-wood
12.894176971275016,184.90160969260887,rough,5-wood
-7.105823028724984,186.90160969260887,fairway,5-wood
15.894176971275016,188.90160969260887,rough,5-wood
-6.105823028724984,202.90160969260887,fairway,5-wood
-3.105823028724984,195.90160969260887,fairway,5-wood
-24.105823028724984,195.90160969260887,rough,5-wood
-3.105823028724984,187.90160969260887,fairway,5-wood
-28.105823028724984,201.90160969260887,rough,5-wood
-19.105823028724984,179.90160969260887,fairway,5-wood
6.894176971275016,189.90160969260887,fairway,5-wood
-4.105823028724984,190.90160969260887,fairway,5-wood
-3.105823028724984,189.90160969260887,fairway,5-wood
-7.105823028724984,197.90160969260887,fairway,5-wood
13.894176971275016,194.90160969260887,rough,5-wood
12.894176971275016,187.90160969260887,rough,5-wood
8.894176971275016,184.90160969260887,rough,5-wood
-19.105823028724984,183.90160969260887,fairway,5-wood
-17.105823028724984,191.90160969260887,fairway,5-wood
-15.105823028724984,193.90160969260887,fairway,5-wood
1.894176971275016,197.90160969260887,fairway,5-wood
-10.105823028724984,199.90160969260887,fairway,5-wood
11.894176971275016,185.90160969260887,rough,5-wood
10.894176971275016,182.90160969260887,rough,5-wood
6.894176971275016,186.90160969260887,fairway,5-wood
-15.105823028724984,192.90160969260887,fairway,5-wood
0.8941769712750158,190.90160969260887,fairway,5-wood
-7.105823028724984,181.90160969260887,fairway,5-wood
17.894176971275016,188.90160969260887,rough,5-wood
18.894176971275016,186.90160969260887,rough,5-wood
-2.105823028724984,194.90160969260887,fairway,5-wood
18.894176971275016,186.90160969260887,rough,5-wood
-24.105823028724984,190.90160969260887,rough,5-wood
-6.105823028724984,181.90160969260887,fairway,5-wood
18.894176971275016,198.90160969260887,rough,5-wood
18.894176971275016,194.90160969260887,rough,5-wood
-21.105823028724984,197.90160969260887,rough,5-wood
-5.105823028724984,184.90160969260887,fairway,5-wood
-17.105823028724984,193.90160969260887,fairway,5-wood
-17.105823028724984,185.90160969260887,fairway,5-wood
18.894176971275016,174.90160969260887,rough,5-wood
-22.105823028724984,189.90160969260887,rough,5-wood
-16.105823028724984,198.90160969260887,fairway,5-wood
2.894176971275016,178.90160969260887,fairway,5-wood
0.8941769712750158,193.90160969260887,fairway,5-wood
13.894176971275016,178.90160969260887,rough,5-wood
-6.105823028724984,191.90160969260887,fairway,5-wood
-19.105823028724984,201.90160969260887,fairway,5-wood
-5.105823028724984,200.90160969260887,fairway,5-wood
-4.105823028724984,181.90160969260887,fairway,5-wood
-29.105823028724984,201.90160969260887,rough,5-wood
-3.105823028724984,193.90160969260887,fairway,5-wood
-11.105823028724984,196.90160969260887,fairway,5-wood
18.894176971275016,188.90160969260887,rough,5-wood
5.894176971275016,180.90160969260887,fairway,5-wood
-15.105823028724984,198.90160969260887,fairway,5-wood
-0.1058230287249841,193.90160969260887,fairway,5-wood
-23.105823028724984,166.90160969260887,rough,5-wood
7.894176971275016,188.90160969260887,fairway,5-wood
9.894176971275016,186.90160969260887,rough,5-wood
5.894176971275016,190.90160969260887,fairway,5-wood
-10.105823028724984,193.90160969260887,fairway,5-wood
6.894176971275016,191.90160969260887,fairway,5-wood
1.894176971275016,186.90160969260887,fairway,5-wood
-3.105823028724984,195.90160969260887,fairway,5-wood
11.894176971275016,198.90160969260887,rough,5-wood
-12.105823028724984,199.90160969260887,fairway,5-wood
18.894176971275016,189.90160969260887,rough,5-wood
18.894176971275016,188.90160969260887,rough,5-wood
-21.105823028724984,201.90160969260887,rough,5-wood
13.894176971275016,192.90160969260887,rough,5-wood
-15.105823028724984,186.90160969260887,fairway,5-wood
10.894176971275016,180.90160969260887,rough,5-wood
-0.1058230287249841,170.90160969260887,fairway,Hybrid
-13.105823028724984,186.90160969260887,fairway,Hybrid
-14.105823028724984,186.90160969260887,fairway,Hybrid
7.894176971275016,182.90160969260887,rough,Hybrid
-22.105823028724984,182.90160969260887,rough,Hybrid
-5.105823028724984,184.90160969260887,fairway,Hybrid
18.894176971275016,177.90160969260887,rough,Hybrid
-0.1058230287249841,182.90160969260887,fairway,Hybrid
-9.105823028724984,187.90160969260887,fairway,Hybrid
-7.105823028724984,175.90160969260887,fairway,Hybrid
-4.105823028724984,193.90160969260887,fairway,Hybrid
-2.105823028724984,175.90160969260887,fairway,Hybrid
-7.105823028724984,197.90160969260887,fairway,Hybrid
3.894176971275016,188.90160969260887,fairway,Hybrid
18.894176971275016,169.90160969260887,rough,Hybrid
2.894176971275016,173.90160969260887,fairway,Hybrid
-22.105823028724984,196.90160969260887,rough,Hybrid
3.894176971275016,165.90160969260887,rough,Hybrid
-0.1058230287249841,176.90160969260887,fairway,Hybrid
-31.105823028724984,173.90160969260887,rough,Hybrid
-13.105823028724984,183.90160969260887,fairway,Hybrid
9.894176971275016,174.90160969260887,rough,Hybrid
18.894176971275016,168.90160969260887,rough,Hybrid
-29.105823028724984,194.90160969260887,rough,Hybrid
-16.105823028724984,175.90160969260887,fairway,Hybrid
18.894176971275016,172.90160969260887,rough,Hybrid
-7.105823028724984,177.90160969260887,fairway,Hybrid
-25.105823028724984,193.90160969260887,rough,Hybrid
-16.105823028724984,173.90160969260887,fairway,Hybrid
5.894176971275016,177.90160969260887,fairway,Hybrid
16.894176971275016,178.90160969260887,rough,Hybrid
4.894176971275016,171.90160969260887,fairway,Hybrid
1.894176971275016,168.90160969260887,fairway,Hybrid
-2.105823028724984,187.90160969260887,fairway,Hybrid
1.894176971275016,172.90160969260887,fairway,Hybrid
3.894176971275016,176.90160969260887,fairway,Hybrid
-2.105823028724984,182.90160969260887,fairway,Hybrid
-31.105823028724984,194.90160969260887,rough,Hybrid
7.894176971275016,169.90160969260887,rough,Hybrid
3.894176971275016,174.90160969260887,fairway,Hybrid
17.894176971275016,174.90160969260887,rough,Hybrid
3.894176971275016,181.90160969260887,fairway,Hybrid
18.894176971275016,175.90160969260887,rough,Hybrid
1.894176971275016,173.90160969260887,fairway,Hybrid
2.894176971275016,167.90160969260887,fairway,Hybrid
4.894176971275016,176.90160969260887,fairway,Hybrid
-12.105823028724984,188.90160969260887,fairway,Hybrid
-14.105823028724984,173.90160969260887,fairway,Hybrid
-3.105823028724984,184.90160969260887,fairway,Hybrid
-8.105823028724984,181.90160969260887,fairway,Hybrid
11.894176971275016,166.90160969260887,rough,Hybrid
17.894176971275016,177.90160969260887,rough,Hybrid
5.894176971275016,173.90160969260887,rough,Hybrid
17.894176971275016,173.90160969260887,rough,Hybrid
-16.105823028724984,172.90160969260887,fairway,Hybrid
14.894176971275016,168.90160969260887,rough,Hybrid
5.894176971275016,164.90160969260887,rough,Hybrid
-8.105823028724984,190.90160969260887,fairway,Hybrid
1.894176971275016,175.90160969260887,fairway,Hybrid
7.894176971275016,170.90160969260887,rough,Hybrid
-20.105823028724984,186.90160969260887,fairway,Hybrid
8.894176971275016,165.90160969260887,rough,Hybrid
9.894176971275016,168.90160969260887,rough,Hybrid
-6.105823028724984,175.90160969260887,fairway,Hybrid
-21.105823028724984,184.90160969260887,rough,Hybrid
14.894176971275016,183.90160969260887,rough,Hybrid
-15.105823028724984,175.90160969260887,fairway,Hybrid
-12.105823028724984,181.90160969260887,fairway,Hybrid
12.894176971275016,169.90160969260887,rough,Hybrid
-25.105823028724984,201.90160969260887,rough,Hybrid
-1.1058230287249842,179.90160969260887,fairway,Hybrid
18.894176971275016,182.90160969260887,rough,Hybrid
-5.105823028724984,174.90160969260887,fairway,Hybrid
-5.105823028724984,168.90160969260887,fairway,Hybrid
-22.105823028724984,190.90160969260887,rough,Hybrid
5.894176971275016,165.90160969260887,rough,Hybrid
0.8941769712750158,176.90160969260887,fairway,Hybrid
-0.1058230287249841,176.90160969260887,fairway,Hybrid
-19.105823028724984,182.90160969260887,fairway,Hybrid
8.894176971275016,167.90160969260887,rough,Hybrid
4.894176971275016,171.90160969260887,fairway,Hybrid
0.8941769712750158,178.90160969260887,fairway,Hybrid
18.894176971275016,164.90160969260887,rough,Hybrid
-10.105823028724984,190.90160969260887,fairway,Hybrid
8.894176971275016,166.90160969260887,rough,Hybrid
-0.1058230287249841,177.90160969260887,fairway,Hybrid
-16.105823028724984,175.90160969260887,fairway,Hybrid
-11.105823028724984,174.90160969260887,fairway,Hybrid
3.894176971275016,185.90160969260887,fairway,Hybrid
18.894176971275016,186.90160969260887,rough,Hybrid
-12.105823028724984,191.90160969260887,fairway,Hybrid
0.8941769712750158,182.90160969260887,fairway,Hybrid
-13.105823028724984,179.90160969260887,fairway,Hybrid
-0.1058230287249841,167.90160969260887,fairway,Hybrid
-12.105823028724984,181.90160969260887,fairway,Hybrid
18.894176971275016,183.90160969260887,rough,Hybrid
2.894176971275016,181.90160969260887,fairway,Hybrid
11.894176971275016,189.90160969260887,rough,Hybrid
-9.105823028724984,183.90160969260887,fairway,Hybrid
-3.105823028724984,188.90160969260887,fairway,Hybrid
-18.105823028724984,174.90160969260887,fairway,4 Iron
-8.105823028724984,172.90160969260887,fairway,4 Iron
5.894176971275016,177.90160969260887,fairway,4 Iron
-13.105823028724984,173.90160969260887,fairway,4 Iron
-26.105823028724984,184.90160969260887,rough,4 Iron
18.894176971275016,178.90160969260887,rough,4 Iron
-19.105823028724984,168.90160969260887,fairway,4 Iron
-11.105823028724984,173.90160969260887,fairway,4 Iron
18.894176971275016,181.90160969260887,rough,4 Iron
8.894176971275016,173.90160969260887,rough,4 Iron
13.894176971275016,172.90160969260887,rough,4 Iron
-12.105823028724984,189.90160969260887,fairway,4 Iron
3.894176971275016,166.90160969260887,fairway,4 Iron
-16.105823028724984,178.90160969260887,fairway,4 Iron
6.894176971275016,170.90160969260887,rough,4 Iron
15.894176971275016,172.90160969260887,rough,4 Iron
-9.105823028724984,176.90160969260887,fairway,4 Iron
-17.105823028724984,186.90160969260887,fairway,4 Iron
-7.105823028724984,173.90160969260887,fairway,4 Iron
-15.105823028724984,171.90160969260887,fairway,4 Iron
18.894176971275016,170.90160969260887,rough,4 Iron
12.894176971275016,165.90160969260887,rough,4 Iron
-2.105823028724984,179.90160969260887,fairway,4 Iron
1.894176971275016,168.90160969260887,fairway,4 Iron
1.894176971275016,173.90160969260887,fairway,4 Iron
-5.105823028724984,179.90160969260887,fairway,4 Iron
-2.105823028724984,182.90160969260887,fairway,4 Iron
-19.105823028724984,185.90160969260887,fairway,4 Iron
5.894176971275016,177.90160969260887,fairway,4 Iron
5.894176971275016,178.90160969260887,fairway,4 Iron
-9.105823028724984,174.90160969260887,fairway,4 Iron
-1.1058230287249842,172.90160969260887,fairway,4 Iron
-4.105823028724984,176.90160969260887,fairway,4 Iron
-9.105823028724984,175.90160969260887,fairway,4 Iron
-5.105823028724984,186.90160969260887,fairway,4 Iron
-10.105823028724984,179.90160969260887,fairway,4 Iron
-0.1058230287249841,174.90160969260887,fairway,4 Iron
-15.105823028724984,182.90160969260887,fairway,4 Iron
15.894176971275016,170.90160969260887,rough,4 Iron
-14.105823028724984,178.90160969260887,fairway,4 Iron
-5.105823028724984,180.90160969260887,fairway,4 Iron
-3.105823028724984,176.90160969260887,fairway,4 Iron
12.894176971275016,171.90160969260887,rough,4 Iron
-5.105823028724984,176.90160969260887,fairway,4 Iron
18.894176971275016,163.90160969260887,rough,4 Iron
-12.105823028724984,186.90160969260887,fairway,4 Iron
12.894176971275016,184.90160969260887,rough,4 Iron
-14.105823028724984,182.90160969260887,fairway,4 Iron
1.894176971275016,174.90160969260887,fairway,4 Iron
-6.105823028724984,168.90160969260887,fairway,4 Iron
-17.105823028724984,184.90160969260887,fairway,4 Iron
-22.105823028724984,173.90160969260887,rough,4 Iron
-1.1058230287249842,184.90160969260887,fairway,4 Iron
17.894176971275016,175.90160969260887,rough,4 Iron
7.894176971275016,178.90160969260887,rough,4 Iron
-1.1058230287249842,185.90160969260887,fairway,4 Iron
-0.1058230287249841,178.90160969260887,fairway,4 Iron
-11.105823028724984,174.90160969260887,fairway,4 Iron
-22.105823028724984,182.90160969260887,rough,4 Iron
0.8941769712750158,181.90160969260887,fairway,4 Iron
-17.105823028724984,178.90160969260887,fairway,4 Iron
18.894176971275016,174.90160969260887,rough,4 Iron
15.894176971275016,164.90160969260887,rough,4 Iron
-13.105823028724984,169.90160969260887,fairway,4 Iron
-6.105823028724984,174.90160969260887,fairway,4 Iron
-9.105823028724984,166.90160969260887,fairway,4 Iron
-6.105823028724984,185.90160969260887,fairway,4 Iron
-2.105823028724984,179.90160969260887,fairway,4 Iron
-14.105823028724984,186.90160969260887,fairway,4 Iron
-0.1058230287249841,169.90160969260887,fairway,4 Iron
-3.105823028724984,174.90160969260887,fairway,4 Iron
7.894176971275016,164.90160969260887,rough,4 Iron
1.894176971275016,161.90160969260887,fairway,4 Iron
-6.105823028724984,179.90160969260887,fairway,4 Iron
12.894176971275016,170.90160969260887,rough,4 Iron
7.894176971275016,168.90160969260887,rough,4 Iron
16.894176971275016,182.90160969260887,rough,4 Iron
-14.105823028724984,168.90160969260887,fairway,4 Iron
-11.105823028724984,180.90160969260887,fairway,4 Iron
-10.105823028724984,178.90160969260887,fairway,4 Iron
1.894176971275016,171.90160969260887,fairway,4 Iron
-26.105823028724984,170.90160969260887,rough,4 Iron
-17.105823028724984,177.90160969260887,fairway,4 Iron
3.894176971275016,167.90160969260887,fairway,4 Iron
3.894176971275016,176.90160969260887,fairway,4 Iron
18.894176971275016,170.90160969260887,rough,4 Iron
-29.105823028724984,178.90160969260887,rough,4 Iron
-10.105823028724984,198.90160969260887,fairway,4 Iron
-19.105823028724984,175.90160969260887,fairway,4 Iron
18.894176971275016,172.90160969260887,rough,4 Iron
18.894176971275016,171.90160969260887,rough,4 Iron
-15.105823028724984,179.90160969260887,fairway,4 Iron
11.894176971275016,172.90160969260887,rough,4 Iron
1.894176971275016,162.90160969260887,fairway,4 Iron
2.894176971275016,172.90160969260887,fairway,4 Iron
7.894176971275016,180.90160969260887,rough,4 Iron
13.894176971275016,166.90160969260887,rough,4 Iron
15.894176971275016,161.90160969260887,rough,4 Iron
-11.105823028724984,183.90160969260887,fairway,4 Iron
-10.105823028724984,177.90160969260887,fairway,4 Iron
-11.105823028724984,161.90160969260887,fairway,5 Iron
-9.105823028724984,170.90160969260887,fairway,5 Iron
-23.105823028724984,171.90160969260887,rough,5 Iron
-8.105823028724984,163.90160969260887,fairway,5 Iron
18.894176971275016,166.90160969260887,rough,5 Iron
-12.105823028724984,168.90160969260887,fairway,5 Iron
-0.1058230287249841,169.90160969260887,fairway,5 Iron
14.894176971275016,168.90160969260887,rough,5 Iron
1.894176971275016,162.90160969260887,fairway,5 Iron
-17.105823028724984,167.90160969260887,fairway,5 Iron
16.894176971275016,153.90160969260887,rough,5 Iron
-30.105823028724984,162.90160969260887,rough,5 Iron
5.894176971275016,149.90160969260887,rough,5 Iron
-1.1058230287249842,174.90160969260887,fairway,5 Iron
12.894176971275016,154.90160969260887,rough,5 Iron
7.894176971275016,163.90160969260887,rough,5 Iron
-13.105823028724984,179.90160969260887,fairway,5 Iron
3.894176971275016,160.90160969260887,rough,5 Iron
16.894176971275016,167.90160969260887,rough,5 Iron
3.894176971275016,162.90160969260887,rough,5 Iron
14.894176971275016,168.90160969260887,rough,5 Iron
13.894176971275016,170.90160969260887,rough,5 Iron
-4.105823028724984,179.90160969260887,fairway,5 Iron
-4.105823028724984,183.90160969260887,fairway,5 Iron
4.894176971275016,170.90160969260887,fairway,5 Iron
-16.105823028724984,157.90160969260887,fairway,5 Iron
-28.105823028724984,178.90160969260887,rough,5 Iron
0.8941769712750158,160.90160969260887,fairway,5 Iron
-6.105823028724984,175.90160969260887,fairway,5 Iron
18.894176971275016,173.90160969260887,rough,5 Iron
-0.1058230287249841,174.90160969260887,fairway,5 Iron
1.894176971275016,151.90160969260887,rough,5 Iron
9.894176971275016,170.90160969260887,rough,5 Iron
-2.105823028724984,170.90160969260887,fairway,5 Iron
-12.105823028724984,175.90160969260887,fairway,5 Iron
14.894176971275016,175.90160969260887,rough,5 Iron
18.894176971275016,166.90160969260887,rough,5 Iron
-1.1058230287249842,178.90160969260887,fairway,5 Iron
15.894176971275016,159.90160969260887,rough,5 Iron
14.894176971275016,170.90160969260887,rough,5 Iron
0.8941769712750158,153.90160969260887,rough,5 Iron
-12.105823028724984,173.90160969260887,fairway,5 Iron
-6.105823028724984,166.90160969260887,fairway,5 Iron
-12.105823028724984,177.90160969260887,fairway,5 Iron
-24.105823028724984,179.90160969260887,rough,5 Iron
-11.105823028724984,175.90160969260887,fairway,5 Iron
18.894176971275016,173.90160969260887,rough,5 Iron
3.894176971275016,162.90160969260887,rough,5 Iron
14.894176971275016,159.90160969260887,rough,5 Iron
18.894176971275016,169.90160969260887,rough,5 Iron
-13.105823028724984,171.90160969260887,fairway,5 Iron
-4.105823028724984,165.90160969260887,fairway,5 Iron
-7.105823028724984,177.90160969260887,fairway,5 Iron
-4.105823028724984,169.90160969260887,fairway,5 Iron
-4.105823028724984,177.90160969260887,fairway,5 Iron
11.894176971275016,172.90160969260887,rough,5 Iron
0.8941769712750158,164.90160969260887,fairway,5 Iron
-4.105823028724984,165.90160969260887,fairway,5 Iron
-21.105823028724984,163.90160969260887,rough,5 Iron
1.894176971275016,155.90160969260887,rough,5 Iron
11.894176971275016,158.90160969260887,rough,5 Iron
-6.105823028724984,167.90160969260887,fairway,5 Iron
1.894176971275016,170.90160969260887,fairway,5 Iron
7.894176971275016,161.90160969260887,rough,5 Iron
-20.105823028724984,170.90160969260887,rough,5 Iron
-1.1058230287249842,171.90160969260887,fairway,5 Iron
2.894176971275016,162.90160969260887,rough,5 Iron
12.894176971275016,161.90160969260887,rough,5 Iron
1.894176971275016,174.90160969260887,fairway,5 Iron
9.894176971275016,160.90160969260887,rough,5 Iron
-6.105823028724984,161.90160969260887,fairway,5 Iron
4.894176971275016,168.90160969260887,rough,5 Iron
-0.1058230287249841,175.90160969260887,fairway,5 Iron
-2.105823028724984,177.90160969260887,fairway,5 Iron
-0.1058230287249841,168.90160969260887,fairway,5 Iron
11.894176971275016,156.90160969260887,rough,5 Iron
-0.1058230287249841,164.90160969260887,fairway,5 Iron
9.894176971275016,156.90160969260887,rough,5 Iron
-5.105823028724984,172.90160969260887,fairway,5 Iron
-0.1058230287249841,171.90160969260887,fairway,5 Iron
12.894176971275016,167.90160969260887,rough,5 Iron
1.894176971275016,169.90160969260887,fairway,5 Iron
15.894176971275016,160.90160969260887,rough,5 Iron
12.894176971275016,161.90160969260887,rough,5 Iron
-9.105823028724984,173.90160969260887,fairway,5 Iron
9.894176971275016,160.90160969260887,rough,5 Iron
0.8941769712750158,157.90160969260887,fairway,5 Iron
-4.105823028724984,160.90160969260887,fairway,5 Iron
8.894176971275016,170.90160969260887,rough,5 Iron
-36.105823028724984,181.90160969260887,rough,5 Iron
-5.105823028724984,161.90160969260887,fairway,5 Iron
-5.105823028724984,168.90160969260887,fairway,5 Iron
7.894176971275016,165.90160969260887,rough,5 Iron
-11.105823028724984,160.90160969260887,fairway,5 Iron
-5.105823028724984,159.90160969260887,fairway,5 Iron
1.894176971275016,162.90160969260887,fairway,5 Iron
4.894176971275016,164.90160969260887,rough,5 Iron
-15.105823028724984,159.90160969260887,fairway,5 Iron
5.894176971275016,165.90160969260887,rough,5 Iron
-0.1058230287249841,172.90160969260887,fairway,5 Iron
-1.1058230287249842,160.90160969260887,fairway,6 Iron
6.894176971275016,149.90160969260887,rough,6 Iron
-0.1058230287249841,147.90160969260887,rough,6 Iron
8.894176971275016,159.90160969260887,rough,6 Iron
-2.105823028724984,157.90160969260887,fairway,6 Iron
18.894176971275016,150.90160969260887,rough,6 Iron
18.894176971275016,158.90160969260887,rough,6 Iron
-0.1058230287249841,156.90160969260887,fairway,6 Iron
-6.105823028724984,154.90160969260887,fairway,6 Iron
-10.105823028724984,154.90160969260887,fairway,6 Iron
2.894176971275016,153.90160969260887,rough,6 Iron
3.894176971275016,150.90160969260887,rough,6 Iron
12.894176971275016,170.90160969260887,rough,6 Iron
2.894176971275016,142.90160969260887,rough,6 Iron
-0.1058230287249841,155.90160969260887,rough,6 Iron
3.894176971275016,142.90160969260887,rough,6 Iron
18.894176971275016,156.90160969260887,rough,6 Iron
-11.105823028724984,155.90160969260887,fairway,6 Iron
-7.105823028724984,161.90160969260887,fairway,6 Iron
6.894176971275016,133.90160969260887,rough,6 Iron
-1.1058230287249842,161.90160969260887,fairway,6 Iron
-0.1058230287249841,156.90160969260887,fairway,6 Iron
11.894176971275016,157.90160969260887,rough,6 Iron
-10.105823028724984,149.90160969260887,rough,6 Iron
8.894176971275016,154.90160969260887,rough,6 Iron
18.894176971275016,147.90160969260887,rough,6 Iron
-0.1058230287249841,146.90160969260887,rough,6 Iron
-1.1058230287249842,155.90160969260887,fairway,6 Iron
11.894176971275016,153.90160969260887,rough,6 Iron
5.894176971275016,151.90160969260887,rough,6 Iron
11.894176971275016,151.90160969260887,rough,6 Iron
4.894176971275016,162.90160969260887,rough,6 Iron
-11.105823028724984,147.90160969260887,rough,6 Iron
-7.105823028724984,159.90160969260887,fairway,6 Iron
-7.105823028724984,159.90160969260887,fairway,6 Iron
1.894176971275016,158.90160969260887,rough,6 Iron
-10.105823028724984,175.90160969260887,fairway,6 Iron
2.894176971275016,152.90160969260887,rough,6 Iron
-3.105823028724984,156.90160969260887,fairway,6 Iron
17.894176971275016,158.90160969260887,rough,6 Iron
-10.105823028724984,154.90160969260887,fairway,6 Iron
18.894176971275016,149.90160969260887,rough,6 Iron
2.894176971275016,143.90160969260887,rough,6 Iron
1.894176971275016,150.90160969260887,rough,6 Iron
-4.105823028724984,156.90160969260887,fairway,6 Iron
13.894176971275016,159.90160969260887,rough,6 Iron
18.894176971275016,165.90160969260887,rough,6 Iron
8.894176971275016,152.90160969260887,rough,6 Iron
-22.105823028724984,155.90160969260887,rough,6 Iron
1.894176971275016,159.90160969260887,rough,6 Iron
8.894176971275016,162.90160969260887,rough,6 Iron
-12.105823028724984,158.90160969260887,fairway,6 Iron
7.894176971275016,147.90160969260887,rough,6 Iron
-4.105823028724984,165.90160969260887,fairway,6 Iron
4.894176971275016,150.90160969260887,rough,6 Iron
18.894176971275016,152.90160969260887,rough,6 Iron
12.894176971275016,155.90160969260887,rough,6 Iron
-1.1058230287249842,165.90160969260887,fairway,6 Iron
15.894176971275016,147.90160969260887,rough,6 Iron
-9.105823028724984,157.90160969260887,fairway,6 Iron
-10.105823028724984,160.90160969260887,fairway,6 Iron
-4.105823028724984,151.90160969260887,rough,6 Iron
2.894176971275016,150.90160969260887,rough,6 Iron
-11.105823028724984,157.90160969260887,fairway,6 Iron
11.894176971275016,148.90160969260887,rough,6 Iron
-11.105823028724984,151.90160969260887,rough,6 Iron
-0.1058230287249841,152.90160969260887,rough,6 Iron
-23.105823028724984,163.90160969260887,rough,6 Iron
-2.105823028724984,161.90160969260887,fairway,6 Iron
17.894176971275016,159.90160969260887,rough,6 Iron
8.894176971275016,161.90160969260887,rough,6 Iron
-8.105823028724984,156.90160969260887,fairway,6 Iron
0.8941769712750158,138.90160969260887,rough,6 Iron
1.894176971275016,152.90160969260887,rough,6 Iron
10.894176971275016,156.90160969260887,rough,6 Iron
-5.105823028724984,172.90160969260887,fairway,6 Iron
-3.105823028724984,160.90160969260887,fairway,6 Iron
8.894176971275016,155.90160969260887,rough,6 Iron
-2.105823028724984,162.90160969260887,fairway,6 Iron
14.894176971275016,152.90160969260887,rough,6 Iron
7.894176971275016,149.90160969260887,rough,6 Iron
8.894176971275016,147.90160969260887,rough,6 Iron
-5.105823028724984,158.90160969260887,fairway,6 Iron
-2.105823028724984,153.90160969260887,rough,6 Iron
-24.105823028724984,152.90160969260887,rough,6 Iron
1.894176971275016,154.90160969260887,rough,6 Iron
-9.105823028724984,146.90160969260887,rough,6 Iron
-7.105823028724984,152.90160969260887,fairway,6 Iron
-1.1058230287249842,157.90160969260887,fairway,6 Iron
0.8941769712750158,155.90160969260887,rough,6 Iron
-15.105823028724984,146.90160969260887,rough,6 Iron
9.894176971275016,157.90160969260887,rough,6 Iron
-11.105823028724984,169.90160969260887,fairway,6 Iron
-13.105823028724984,155.90160969260887,fairway,6 Iron
-6.105823028724984,166.90160969260887,fairway,6 Iron
-23.105823028724984,154.90160969260887,rough,6 Iron
2.894176971275016,158.90160969260887,rough,6 Iron
8.894176971275016,153.90160969260887,rough,6 Iron
-1.1058230287249842,163.90160969260887,fairway,6 Iron
6.894176971275016,148.90160969260887,rough,6 Iron
18.894176971275016,145.90160969260887,rough,7 Iron
-2.105823028724984,145.90160969260887,rough,7 Iron
-14.105823028724984,142.90160969260887,rough,7 Iron
9.894176971275016,140.90160969260887,rough,7 Iron
1.894176971275016,143.90160969260887,rough,7 Iron
-3.105823028724984,142.90160969260887,rough,7 Iron
-4.105823028724984,152.90160969260887,fairway,7 Iron
8.894176971275016,152.90160969260887,rough,7 Iron
12.894176971275016,140.90160969260887,rough,7 Iron
-3.105823028724984,151.90160969260887,rough,7 Iron
-7.105823028724984,147.90160969260887,rough,7 Iron
6.894176971275016,144.90160969260887,rough,7 Iron
1.894176971275016,143.90160969260887,rough,7 Iron
-16.105823028724984,151.90160969260887,rough,7 Iron
4.894176971275016,142.90160969260887,rough,7 Iron
18.894176971275016,146.90160969260887,rough,7 Iron
2.894176971275016,137.90160969260887,rough,7 Iron
10.894176971275016,133.90160969260887,rough,7 Iron
18.894176971275016,138.90160969260887,rough,7 Iron
9.894176971275016,139.90160969260887,rough,7 Iron
-7.105823028724984,151.90160969260887,fairway,7 Iron
-2.105823028724984,147.90160969260887,rough,7 Iron
-0.1058230287249841,153.90160969260887,rough,7 Iron
-4.105823028724984,147.90160969260887,rough,7 Iron
-9.105823028724984,151.90160969260887,fairway,7 Iron
-4.105823028724984,149.90160969260887,rough,7 Iron
4.894176971275016,139.90160969260887,rough,7 Iron
8.894176971275016,138.90160969260887,rough,7 Iron
-18.105823028724984,145.90160969260887,rough,7 Iron
2.894176971275016,148.90160969260887,rough,7 Iron
-0.1058230287249841,142.90160969260887,rough,7 Iron
1.894176971275016,143.90160969260887,rough,7 Iron
-21.105823028724984,156.90160969260887,rough,7 Iron
8.894176971275016,146.90160969260887,rough,7 Iron
11.894176971275016,138.90160969260887,rough,7 Iron
-11.105823028724984,144.90160969260887,rough,7 Iron
-3.105823028724984,152.90160969260887,rough,7 Iron
-13.105823028724984,147.90160969260887,rough,7 Iron
15.894176971275016,145.90160969260887,rough,7 Iron
18.894176971275016,124.90160969260889,rough,7 Iron
-1.1058230287249842,152.90160969260887,rough,7 Iron
-16.105823028724984,146.90160969260887,rough,7 Iron
18.894176971275016,137.90160969260887,rough,7 Iron
10.894176971275016,132.90160969260887,rough,7 Iron
7.894176971275016,135.90160969260887,rough,7 Iron
-15.105823028724984,141.90160969260887,rough,7 Iron
-13.105823028724984,155.90160969260887,fairway,7 Iron
-2.105823028724984,142.90160969260887,rough,7 Iron
4.894176971275016,146.90160969260887,rough,7 Iron
9.894176971275016,147.90160969260887,rough,7 Iron
-6.105823028724984,148.90160969260887,rough,7 Iron
-4.105823028724984,149.90160969260887,rough,7 Iron
-4.105823028724984,137.90160969260887,rough,7 Iron
-7.105823028724984,134.90160969260887,rough,7 Iron
-16.105823028724984,145.90160969260887,rough,7 Iron
-9.105823028724984,143.90160969260887,rough,7 Iron
-6.105823028724984,148.90160969260887,rough,7 Iron
0.8941769712750158,135.90160969260887,rough,7 Iron
-2.105823028724984,158.90160969260887,fairway,7 Iron
-12.105823028724984,150.90160969260887,rough,7 Iron
3.894176971275016,133.90160969260887,rough,7 Iron
15.894176971275016,149.90160969260887,rough,7 Iron
-14.105823028724984,146.90160969260887,rough,7 Iron
-18.105823028724984,144.90160969260887,rough,7 Iron
18.894176971275016,137.90160969260887,rough,7 Iron
-1.1058230287249842,146.90160969260887,rough,7 Iron
-12.105823028724984,152.90160969260887,fairway,7 Iron
16.894176971275016,143.90160969260887,rough,7 Iron
-1.1058230287249842,159.90160969260887,fairway,7 Iron
-2.105823028724984,139.90160969260887,rough,7 Iron
-2.105823028724984,151.90160969260887,rough,7 Iron
-0.1058230287249841,143.90160969260887,rough,7 Iron
-7.105823028724984,147.90160969260887,rough,7 Iron
5.894176971275016,136.90160969260887,rough,7 Iron
17.894176971275016,143.90160969260887,rough,7 Iron
-16.105823028724984,149.90160969260887,rough,7 Iron
-17.105823028724984,152.90160969260887,rough,7 Iron
-29.105823028724984,146.90160969260887,rough,7 Iron
7.894176971275016,141.90160969260887,rough,7 Iron
10.894176971275016,134.90160969260887,rough,7 Iron
-1.1058230287249842,147.90160969260887,rough,7 Iron
11.894176971275016,146.90160969260887,rough,7 Iron
0.8941769712750158,148.90160969260887,rough,7 Iron
-0.1058230287249841,160.90160969260887,fairway,7 Iron
1.894176971275016,131.90160969260887,rough,7 Iron
-18.105823028724984,153.90160969260887,rough,7 Iron
0.8941769712750158,132.90160969260887,rough,7 Iron
10.894176971275016,134.90160969260887,rough,7 Iron
0.8941769712750158,142.90160969260887,rough,7 Iron
-0.1058230287249841,144.90160969260887,rough,7 Iron
18.894176971275016,139.90160969260887,rough,7 Iron
-4.105823028724984,140.90160969260887,rough,7 Iron
15.894176971275016,138.90160969260887,rough,7 Iron
13.894176971275016,143.90160969260887,rough,7 Iron
-2.105823028724984,144.90160969260887,rough,7 Iron
1.894176971275016,139.90160969260887,rough,7 Iron
-0.1058230287249841,141.90160969260887,rough,7 Iron
6.894176971275016,140.90160969260887,rough,7 Iron
10.894176971275016,139.90160969260887,rough,7 Iron
16.894176971275016,136.90160969260887,rough,7 Iron
11.894176971275016,138.90160969260887,rough,8 Iron
-17.105823028724984,144.90160969260887,rough,8 Iron
-1.1058230287249842,146.90160969260887,rough,8 Iron
13.894176971275016,140.90160969260887,rough,8 Iron
3.894176971275016,126.90160969260889,rough,8 Iron
-9.105823028724984,139.90160969260887,rough,8 Iron
-25.105823028724984,144.90160969260887,rough,8 Iron
-5.105823028724984,143.90160969260887,rough,8 Iron
-18.105823028724984,143.90160969260887,rough,8 Iron
2.894176971275016,138.90160969260887,rough,8 Iron
-1.1058230287249842,142.90160969260887,rough,8 Iron
10.894176971275016,132.90160969260887,rough,8 Iron
-0.1058230287249841,129.90160969260887,rough,8 Iron
16.894176971275016,136.90160969260887,rough,8 Iron
15.894176971275016,121.90160969260889,rough,8 Iron
-0.1058230287249841,141.90160969260887,rough,8 Iron
-4.105823028724984,133.90160969260887,rough,8 Iron
-2.105823028724984,138.90160969260887,rough,8 Iron
-10.105823028724984,132.90160969260887,rough,8 Iron
-2.105823028724984,144.90160969260887,rough,8 Iron
-13.105823028724984,140.90160969260887,rough,8 Iron
-2.105823028724984,146.90160969260887,rough,8 Iron
10.894176971275016,121.90160969260889,rough,8 Iron
-9.105823028724984,142.90160969260887,rough,8 Iron
-18.105823028724984,147.90160969260887,rough,8 Iron
0.8941769712750158,134.90160969260887,rough,8 Iron
-7.105823028724984,144.90160969260887,rough,8 Iron
-8.105823028724984,141.90160969260887,rough,8 Iron
14.894176971275016,133.90160969260887,rough,8 Iron
13.894176971275016,121.90160969260889,rough,8 Iron
11.894176971275016,121.90160969260889,rough,8 Iron
4.894176971275016,127.90160969260889,rough,8 Iron
-3.105823028724984,141.90160969260887,rough,8 Iron
0.8941769712750158,132.90160969260887,rough,8 Iron
-7.105823028724984,131.90160969260887,rough,8 Iron
6.894176971275016,141.90160969260887,rough,8 Iron
18.894176971275016,131.90160969260887,rough,8 Iron
6.894176971275016,119.90160969260889,rough,8 Iron
1.894176971275016,133.90160969260887,rough,8 Iron
-9.105823028724984,135.90160969260887,rough,8 Iron
0.8941769712750158,133.90160969260887,rough,8 Iron
6.894176971275016,126.90160969260889,rough,8 Iron
-9.105823028724984,134.90160969260887,rough,8 Iron
7.894176971275016,131.90160969260887,rough,8 Iron
0.8941769712750158,136.90160969260887,rough,8 Iron
13.894176971275016,133.90160969260887,rough,8 Iron
-8.105823028724984,148.90160969260887,rough,8 Iron
4.894176971275016,144.90160969260887,rough,8 Iron
0.8941769712750158,137.90160969260887,rough,8 Iron
5.894176971275016,129.90160969260887,rough,8 Iron
-18.105823028724984,131.90160969260887,rough,8 Iron
-6.105823028724984,142.90160969260887,rough,8 Iron
14.894176971275016,123.90160969260889,rough,8 Iron
7.894176971275016,126.90160969260889,rough,8 Iron
6.894176971275016,123.90160969260889,rough,8 Iron
0.8941769712750158,133.90160969260887,rough,8 Iron
-2.105823028724984,128.90160969260887,rough,8 Iron
18.894176971275016,132.90160969260887,rough,8 Iron
14.894176971275016,136.90160969260887,rough,8 Iron
-0.1058230287249841,137.90160969260887,rough,8 Iron
-13.105823028724984,138.90160969260887,rough,8 Iron
-18.105823028724984,135.90160969260887,rough,8 Iron
-3.105823028724984,138.90160969260887,rough,8 Iron
3.894176971275016,122.90160969260889,rough,8 Iron
-13.105823028724984,134.90160969260887,rough,8 Iron
-11.105823028724984,137.90160969260887,rough,8 Iron
-5.105823028724984,147.90160969260887,rough,8 Iron
5.894176971275016,129.90160969260887,rough,8 Iron
-2.105823028724984,131.90160969260887,rough,8 Iron
-12.105823028724984,134.90160969260887,rough,8 Iron
13.894176971275016,128.90160969260887,rough,8 Iron
13.894176971275016,127.90160969260889,rough,8 Iron
-18.105823028724984,131.90160969260887,rough,8 Iron
18.894176971275016,137.90160969260887,rough,8 Iron
-5.105823028724984,130.90160969260887,rough,8 Iron
12.894176971275016,120.90160969260889,rough,8 Iron
1.894176971275016,137.90160969260887,rough,8 Iron
8.894176971275016,131.90160969260887,rough,8 Iron
-10.105823028724984,141.90160969260887,rough,8 Iron
3.894176971275016,133.90160969260887,rough,8 Iron
18.894176971275016,139.90160969260887,rough,8 Iron
-2.105823028724984,127.90160969260889,rough,8 Iron
4.894176971275016,139.90160969260887,rough,8 Iron
-14.105823028724984,136.90160969260887,rough,8 Iron
11.894176971275016,140.90160969260887,rough,8 Iron
3.894176971275016,130.90160969260887,rough,8 Iron
-12.105823028724984,138.90160969260887,rough,8 Iron
6.894176971275016,138.90160969260887,rough,8 Iron
-26.105823028724984,132.90160969260887,rough,8 Iron
-4.105823028724984,143.90160969260887,rough,8 Iron
-14.105823028724984,130.90160969260887,rough,8 Iron
5.894176971275016,128.90160969260887,rough,8 Iron
-24.105823028724984,129.90160969260887,rough,8 Iron
-10.105823028724984,141.90160969260887,rough,8 Iron
-1.1058230287249842,145.90160969260887,rough,8 Iron
-2.105823028724984,129.90160969260887,rough,8 Iron
-8.105823028724984,135.90160969260887,rough,8 Iron
6.894176971275016,139.90160969260887,rough,8 Iron
-11.105823028724984,140.90160969260887,rough,8 Iron
7.894176971275016,132.90160969260887,rough,8 Iron
1.894176971275016,119.90160969260889,rough,9 Iron
6.894176971275016,111.90160969260889,rough,9 Iron
-3.105823028724984,130.90160969260887,rough,9 Iron
-7.105823028724984,131.90160969260887,rough,9 Iron
-9.105823028724984,128.90160969260887,rough,9 Iron
-13.105823028724984,119.90160969260889,rough,9 Iron
-9.105823028724984,122.90160969260889,rough,9 Iron
-0.1058230287249841,136.90160969260887,rough,9 Iron
2.894176971275016,116.90160969260889,rough,9 Iron
-15.105823028724984,128.90160969260887,rough,9 Iron
-1.1058230287249842,127.90160969260889,rough,9 Iron
2.894176971275016,127.90160969260889,rough,9 Iron
3.894176971275016,114.90160969260889,rough,9 Iron
-2.105823028724984,127.90160969260889,rough,9 Iron
4.894176971275016,111.90160969260889,rough,9 Iron
13.894176971275016,123.90160969260889,rough,9 Iron
-6.105823028724984,121.90160969260889,rough,9 Iron
6.894176971275016,119.90160969260889,rough,9 Iron
13.894176971275016,130.90160969260887,rough,9 Iron
-5.105823028724984,126.90160969260889,rough,9 Iron
8.894176971275016,113.90160969260889,rough,9 Iron
0.8941769712750158,113.90160969260889,rough,9 Iron
2.894176971275016,121.90160969260889,rough,9 Iron
-3.105823028724984,135.90160969260887,rough,9 Iron
-7.105823028724984,118.90160969260889,rough,9 Iron
-7.105823028724984,131.90160969260887,rough,9 Iron
-0.1058230287249841,112.90160969260889,rough,9 Iron
-3.105823028724984,125.90160969260889,rough,9 Iron
9.894176971275016,133.90160969260887,rough,9 Iron
10.894176971275016,112.90160969260889,rough,9 Iron
7.894176971275016,118.90160969260889,rough,9 Iron
1.894176971275016,116.90160969260889,rough,9 Iron
5.894176971275016,126.90160969260889,rough,9 Iron
-7.105823028724984,124.90160969260889,rough,9 Iron
-3.105823028724984,128.90160969260887,rough,9 Iron
-4.105823028724984,130.90160969260887,rough,9 Iron
-3.105823028724984,123.90160969260889,rough,9 Iron
-17.105823028724984,122.90160969260889,rough,9 Iron
-3.105823028724984,128.90160969260887,rough,9 Iron
-1.1058230287249842,128.90160969260887,rough,9 Iron
-4.105823028724984,128.90160969260887,rough,9 Iron
-2.105823028724984,127.90160969260889,rough,9 Iron
5.894176971275016,123.90160969260889,rough,9 Iron
-2.105823028724984,129.90160969260887,rough,9 Iron
13.894176971275016,125.90160969260889,rough,9 Iron
18.894176971275016,121.90160969260889,rough,9 Iron
0.8941769712750158,114.90160969260889,rough,9 Iron
9.894176971275016,121.90160969260889,rough,9 Iron
5.894176971275016,124.90160969260889,rough,9 Iron
9.894176971275016,114.90160969260889,rough,9 Iron
-11.105823028724984,126.90160969260889,rough,9 Iron
-2.105823028724984,133.90160969260887,rough,9 Iron
8.894176971275016,121.90160969260889,rough,9 Iron
-20.105823028724984,127.90160969260889,rough,9 Iron
-5.105823028724984,122.90160969260889,rough,9 Iron
-1.1058230287249842,130.90160969260887,rough,9 Iron
-8.105823028724984,122.90160969260889,rough,9 Iron
-0.1058230287249841,123.90160969260889,rough,9 Iron
2.894176971275016,131.90160969260887,rough,9 Iron
15.894176971275016,119.90160969260889,rough,9 Iron
-1.1058230287249842,128.90160969260887,rough,9 Iron
16.894176971275016,117.90160969260889,rough,9 Iron
12.894176971275016,126.90160969260889,rough,9 Iron
-3.105823028724984,119.90160969260889,rough,9 Iron
-0.1058230287249841,125.90160969260889,rough,9 Iron
5.894176971275016,119.90160969260889,rough,9 Iron
-13.105823028724984,127.90160969260889,rough,9 Iron
11.894176971275016,112.90160969260889,rough,9 Iron
-9.105823028724984,122.90160969260889,rough,9 Iron
1.894176971275016,117.90160969260889,rough,9 Iron
-2.105823028724984,124.90160969260889,rough,9 Iron
10.894176971275016,120.90160969260889,rough,9 Iron
7.894176971275016,115.90160969260889,rough,9 Iron
-0.1058230287249841,128.90160969260887,rough,9 Iron
2.894176971275016,122.90160969260889,rough,9 Iron
0.8941769712750158,131.90160969260887,rough,9 Iron
-2.105823028724984,131.90160969260887,rough,9 Iron
-4.105823028724984,127.90160969260889,rough,9 Iron
-0.1058230287249841,134.90160969260887,rough,9 Iron
9.894176971275016,117.90160969260889,rough,9 Iron
0.8941769712750158,131.90160969260887,rough,9 Iron
13.894176971275016,124.90160969260889,rough,9 Iron
-3.105823028724984,134.90160969260887,rough,9 Iron
4.894176971275016,132.90160969260887,rough,9 Iron
-0.1058230287249841,115.90160969260889,rough,9 Iron
4.894176971275016,124.90160969260889,rough,9 Iron
8.894176971275016,110.90160969260889,rough,9 Iron
4.894176971275016,123.90160969260889,rough,9 Iron
4.894176971275016,120.90160969260889,rough,9 Iron
-25.105823028724984,133.90160969260887,rough,9 Iron
-5.105823028724984,127.90160969260889,rough,9 Iron
-4.105823028724984,131.90160969260887,rough,9 Iron
1.894176971275016,128.90160969260887,rough,9 Iron
18.894176971275016,119.90160969260889,rough,9 Iron
1.894176971275016,110.90160969260889,rough,9 Iron
-15.105823028724984,134.90160969260887,rough,9 Iron
-4.105823028724984,118.90160969260889,rough,9 Iron
-21.105823028724984,125.90160969260889,rough,9 Iron
-8.105823028724984,123.90160969260889,rough,9 Iron
-14.105823028724984,121.90160969260889,rough,9 Iron
12.894176971275016,113.90160969260889,rough,PW
-2.105823028724984,115.90160969260889,rough,PW
-2.105823028724984,117.90160969260889,rough,PW
8.894176971275016,111.90160969260889,rough,PW
-2.105823028724984,121.90160969260889,rough,PW
-13.105823028724984,105.90160969260889,rough,PW
3.894176971275016,110.90160969260889,rough,PW
-4.105823028724984,108.90160969260889,rough,PW
5.894176971275016,102.90160969260889,rough,PW
-3.105823028724984,112.90160969260889,rough,PW
-5.105823028724984,124.90160969260889,rough,PW
-11.105823028724984,114.90160969260889,rough,PW
-2.105823028724984,107.90160969260889,rough,PW
5.894176971275016,117.90160969260889,rough,PW
-0.1058230287249841,108.90160969260889,rough,PW
-0.1058230287249841,114.90160969260889,rough,PW
-7.105823028724984,109.90160969260889,rough,PW
1.894176971275016,103.90160969260889,rough,PW
0.8941769712750158,109.90160969260889,rough,PW
10.894176971275016,106.90160969260889,rough,PW
3.894176971275016,108.90160969260889,rough,PW
-10.105823028724984,109.90160969260889,rough,PW
12.894176971275016,105.90160969260889,rough,PW
-10.105823028724984,121.90160969260889,rough,PW
9.894176971275016,108.90160969260889,rough,PW
-13.105823028724984,110.90160969260889,rough,PW
2.894176971275016,96.90160969260889,rough,PW
3.894176971275016,109.90160969260889,rough,PW
-9.105823028724984,124.90160969260889,rough,PW
4.894176971275016,110.90160969260889,rough,PW
0.8941769712750158,109.90160969260889,rough,PW
1.894176971275016,102.90160969260889,rough,PW
1.894176971275016,109.90160969260889,rough,PW
9.894176971275016,112.90160969260889,rough,PW
-3.105823028724984,120.90160969260889,rough,PW
-2.105823028724984,112.90160969260889,rough,PW
18.894176971275016,113.90160969260889,rough,PW
-4.105823028724984,109.90160969260889,rough,PW
9.894176971275016,111.90160969260889,rough,PW
-5.105823028724984,113.90160969260889,rough,PW
-11.105823028724984,128.90160969260887,rough,PW
11.894176971275016,105.90160969260889,rough,PW
-2.105823028724984,117.90160969260889,rough,PW
1.894176971275016,102.90160969260889,rough,PW
3.894176971275016,114.90160969260889,rough,PW
0.8941769712750158,114.90160969260889,rough,PW
-0.1058230287249841,120.90160969260889,rough,PW
2.894176971275016,106.90160969260889,rough,PW
-1.1058230287249842,121.90160969260889,rough,PW
-4.105823028724984,122.90160969260889,rough,PW
0.8941769712750158,103.90160969260889,rough,PW
-6.105823028724984,122.90160969260889,rough,PW
-2.105823028724984,116.90160969260889,rough,PW
-5.105823028724984,118.90160969260889,rough,PW
-9.105823028724984,112.90160969260889,rough,PW
-16.105823028724984,119.90160969260889,rough,PW
-3.105823028724984,116.90160969260889,rough,PW
9.894176971275016,108.90160969260889,rough,PW
-3.105823028724984,116.90160969260889,rough,PW
0.8941769712750158,110.90160969260889,rough,PW
-8.105823028724984,112.90160969260889,rough,PW
-13.105823028724984,114.90160969260889,rough,PW
12.894176971275016,102.90160969260889,rough,PW
8.894176971275016,108.90160969260889,rough,PW
-14.105823028724984,108.90160969260889,rough,PW
-4.105823028724984,109.90160969260889,rough,PW
-4.105823028724984,121.90160969260889,rough,PW
-6.105823028724984,112.90160969260889,rough,PW
0.8941769712750158,101.90160969260889,rough,PW
-10.105823028724984,123.90160969260889,rough,PW
13.894176971275016,107.90160969260889,rough,PW
1.894176971275016,114.90160969260889,rough,PW
-2.105823028724984,117.90160969260889,rough,PW
-1.1058230287249842,118.90160969260889,rough,PW
-12.105823028724984,121.90160969260889,rough,PW
-2.105823028724984,110.90160969260889,rough,PW
-7.105823028724984,114.90160969260889,rough,PW
-10.105823028724984,110.90160969260889,rough,PW
11.894176971275016,110.90160969260889,rough,PW
8.894176971275016,103.90160969260889,rough,PW
2.894176971275016,106.90160969260889,rough,PW
-5.105823028724984,120.90160969260889,rough,PW
-5.105823028724984,122.90160969260889,rough,PW
-4.105823028724984,115.90160969260889,rough,PW
6.894176971275016,108.90160969260889,rough,PW
7.894176971275016,118.90160969260889,rough,PW
17.894176971275016,107.90160969260889,rough,PW
17.894176971275016,108.90160969260889,rough,PW
-2.105823028724984,113.90160969260889,rough,PW
-6.105823028724984,112.90160969260889,rough,PW
18.894176971275016,103.90160969260889,rough,PW
2.894176971275016,106.90160969260889,rough,PW
13.894176971275016,111.90160969260889,rough,PW
15.894176971275016,106.90160969260889,rough,PW
17.894176971275016,110.90160969260889,rough,PW
-4.105823028724984,111.90160969260889,rough,PW
-14.105823028724984,119.90160969260889,rough,PW
-4.105823028724984,112.90160969260889,rough,PW
2.894176971275016,107.90160969260889,rough,PW
-18.105823028724984,116.90160969260889,rough,PW
12.894176971275016,108.90160969260889,rough,50 deg
-1.1058230287249842,116.90160969260889,rough,50 deg
1.894176971275016,99.90160969260889,rough,50 deg
-12.105823028724984,115.90160969260889,rough,50 deg
1.894176971275016,103.90160969260889,rough,50 deg
13.894176971275016,108.90160969260889,rough,50 deg
3.894176971275016,112.90160969260889,rough,50 deg
4.894176971275016,100.90160969260889,rough,50 deg
-1.1058230287249842,117.90160969260889,rough,50 deg
-10.105823028724984,113.90160969260889,rough,50 deg
-2.105823028724984,114.90160969260889,rough,50 deg
-0.1058230287249841,111.90160969260889,rough,50 deg
1.894176971275016,102.90160969260889,rough,50 deg
5.894176971275016,106.90160969260889,rough,50 deg
-5.105823028724984,111.90160969260889,rough,50 deg
5.894176971275016,104.90160969260889,rough,50 deg
1.894176971275016,106.90160969260889,rough,50 deg
9.894176971275016,102.90160969260889,rough,50 deg
-6.105823028724984,111.90160969260889,rough,50 deg
-2.105823028724984,109.90160969260889,rough,50 deg
1.894176971275016,96.90160969260889,rough,50 deg
11.894176971275016,105.90160969260889,rough,50 deg
-8.105823028724984,119.90160969260889,rough,50 deg
-11.105823028724984,110.90160969260889,rough,50 deg
-5.105823028724984,114.90160969260889,rough,50 deg
4.894176971275016,99.90160969260889,rough,50 deg
-4.105823028724984,114.90160969260889,rough,50 deg
-3.105823028724984,117.90160969260889,rough,50 deg
-4.105823028724984,106.90160969260889,rough,50 deg
-0.1058230287249841,109.90160969260889,rough,50 deg
1.894176971275016,105.90160969260889,rough,50 deg
15.894176971275016,108.90160969260889,rough,50 deg
-11.105823028724984,105.90160969260889,rough,50 deg
-9.105823028724984,117.90160969260889,rough,50 deg
-0.1058230287249841,124.90160969260889,rough,50 deg
8.894176971275016,102.90160969260889,rough,50 deg
-0.1058230287249841,110.90160969260889,rough,50 deg
3.894176971275016,100.90160969260889,rough,50 deg
17.894176971275016,104.90160969260889,rough,50 deg
-16.105823028724984,112.90160969260889,rough,50 deg
3.894176971275016,102.90160969260889,rough,50 deg
14.894176971275016,100.90160969260889,rough,50 deg
-5.105823028724984,107.90160969260889,rough,50 deg
-6.105823028724984,112.90160969260889,rough,50 deg
-0.1058230287249841,111.90160969260889,rough,50 deg
5.894176971275016,107.90160969260889,rough,50 deg
-12.105823028724984,116.90160969260889,rough,50 deg
-8.105823028724984,103.90160969260889,rough,50 deg
-11.105823028724984,109.90160969260889,rough,50 deg
4.894176971275016,107.90160969260889,rough,50 deg
4.894176971275016,101.90160969260889,rough,50 deg
-3.105823028724984,109.90160969260889,rough,50 deg
1.894176971275016,108.90160969260889,rough,50 deg
7.894176971275016,105.90160969260889,rough,50 deg
7.894176971275016,96.90160969260889,rough,50 deg
0.8941769712750158,104.90160969260889,rough,50 deg
9.894176971275016,106.90160969260889,rough,50 deg
-1.1058230287249842,119.90160969260889,rough,50 deg
7.894176971275016,110.90160969260889,rough,50 deg
-7.105823028724984,117.90160969260889,rough,50 deg
4.894176971275016,107.90160969260889,rough,50 deg
-9.105823028724984,109.90160969260889,rough,50 deg
2.894176971275016,106.90160969260889,rough,50 deg
2.894176971275016,99.90160969260889,rough,50 deg
-16.105823028724984,113.90160969260889,rough,50 deg
-7.105823028724984,114.90160969260889,rough,50 deg
-10.105823028724984,102.90160969260889,rough,50 deg
6.894176971275016,105.90160969260889,rough,50 deg
5.894176971275016,103.90160969260889,rough,50 deg
0.8941769712750158,109.90160969260889,rough,50 deg
-0.1058230287249841,107.90160969260889,rough,50 deg
-14.105823028724984,119.90160969260889,rough,50 deg
-15.105823028724984,111.90160969260889,rough,50 deg
-7.105823028724984,112.90160969260889,rough,50 deg
-0.1058230287249841,115.90160969260889,rough,50 deg
-4.105823028724984,111.90160969260889,rough,50 deg
-6.105823028724984,112.90160969260889,rough,50 deg
14.894176971275016,108.90160969260889,rough,50 deg
5.894176971275016,100.90160969260889,rough,50 deg
5.894176971275016,96.90160969260889,rough,50 deg
-8.105823028724984,112.90160969260889,rough,50 deg
18.894176971275016,104.90160969260889,rough,50 deg
-5.105823028724984,108.90160969260889,rough,50 deg
-6.105823028724984,113.90160969260889,rough,50 deg
-3.105823028724984,114.90160969260889,rough,50 deg
9.894176971275016,105.90160969260889,rough,50 deg
0.8941769712750158,103.90160969260889,rough,50 deg
0.8941769712750158,104.90160969260889,rough,50 deg
-6.105823028724984,110.90160969260889,rough,50 deg
-8.105823028724984,113.90160969260889,rough,50 deg
-0.1058230287249841,102.90160969260889,rough,50 deg
-8.105823028724984,114.90160969260889,rough,50 deg
7.894176971275016,106.90160969260889,rough,50 deg
18.894176971275016,107.90160969260889,rough,50 deg
-18.105823028724984,110.90160969260889,rough,50 deg
4.894176971275016,100.90160969260889,rough,50 deg
-6.105823028724984,119.90160969260889,rough,50 deg
-5.105823028724984,113.90160969260889,rough,50 deg
-11.105823028724984,123.90160969260889,rough,50 deg
11.894176971275016,105.90160969260889,rough,50 deg
15.894176971275016,88.90160969260887,rough,54 deg
1.894176971275016,98.90160969260889,rough,54 deg
0.8941769712750158,88.90160969260887,rough,54 deg
-2.105823028724984,99.90160969260889,rough,54 deg
-1.1058230287249842,101.90160969260889,rough,54 deg
0.8941769712750158,91.90160969260889,rough,54 deg
-6.105823028724984,95.90160969260889,rough,54 deg
13.894176971275016,87.90160969260887,rough,54 deg
-2.105823028724984,102.90160969260889,rough,54 deg
-3.105823028724984,103.90160969260889,rough,54 deg
-3.105823028724984,97.90160969260889,rough,54 deg
8.894176971275016,93.90160969260889,rough,54 deg
3.894176971275016,90.90160969260889,rough,54 deg
-0.1058230287249841,103.90160969260889,rough,54 deg
-3.105823028724984,103.90160969260889,rough,54 deg
-8.105823028724984,100.90160969260889,rough,54 deg
10.894176971275016,93.90160969260889,rough,54 deg
-2.105823028724984,103.90160969260889,rough,54 deg
-1.1058230287249842,105.90160969260889,rough,54 deg
-2.105823028724984,102.90160969260889,rough,54 deg
2.894176971275016,93.90160969260889,rough,54 deg
10.894176971275016,90.90160969260889,rough,54 deg
17.894176971275016,95.90160969260889,rough,54 deg
-2.105823028724984,101.90160969260889,rough,54 deg
-2.105823028724984,91.90160969260889,rough,54 deg
-18.105823028724984,97.90160969260889,rough,54 deg
0.8941769712750158,97.90160969260889,rough,54 deg
4.894176971275016,89.90160969260887,rough,54 deg
7.894176971275016,92.90160969260889,rough,54 deg
7.894176971275016,88.90160969260887,rough,54 deg
5.894176971275016,96.90160969260889,rough,54 deg
3.894176971275016,96.90160969260889,rough,54 deg
-5.105823028724984,94.90160969260889,rough,54 deg
2.894176971275016,98.90160969260889,rough,54 deg
14.894176971275016,99.90160969260889,rough,54 deg
-14.105823028724984,104.90160969260889,rough,54 deg
-3.105823028724984,99.90160969260889,rough,54 deg
-6.105823028724984,102.90160969260889,rough,54 deg
-1.1058230287249842,102.90160969260889,rough,54 deg
-8.105823028724984,97.90160969260889,rough,54 deg
0.8941769712750158,93.90160969260889,rough,54 deg
8.894176971275016,86.90160969260887,rough,54 deg
-4.105823028724984,114.90160969260889,rough,54 deg
-3.105823028724984,107.90160969260889,rough,54 deg
-15.105823028724984,102.90160969260889,rough,54 deg
-6.105823028724984,100.90160969260889,rough,54 deg
-1.1058230287249842,106.90160969260889,rough,54 deg
-1.1058230287249842,106.90160969260889,rough,54 deg
-4.105823028724984,100.90160969260889,rough,54 deg
2.894176971275016,90.90160969260889,rough,54 deg
9.894176971275016,88.90160969260887,rough,54 deg
8.894176971275016,91.90160969260889,rough,54 deg
2.894176971275016,95.90160969260889,rough,54 deg
-7.105823028724984,101.90160969260889,rough,54 deg
10.894176971275016,96.90160969260889,rough,54 deg
-10.105823028724984,104.90160969260889,rough,54 deg
14.894176971275016,96.90160969260889,rough,54 deg
3.894176971275016,91.90160969260889,rough,54 deg
-1.1058230287249842,96.90160969260889,rough,54 deg
-11.105823028724984,103.90160969260889,rough,54 deg
-3.105823028724984,102.90160969260889,rough,54 deg
13.894176971275016,97.90160969260889,rough,54 deg
6.894176971275016,94.90160969260889,rough,54 deg
11.894176971275016,92.90160969260889,rough,54 deg
-8.105823028724984,105.90160969260889,rough,54 deg
-18.105823028724984,103.90160969260889,rough,54 deg
4.894176971275016,93.90160969260889,rough,54 deg
1.894176971275016,94.90160969260889,rough,54 deg
6.894176971275016,100.90160969260889,rough,54 deg
7.894176971275016,91.90160969260889,rough,54 deg
7.894176971275016,95.90160969260889,rough,54 deg
2.894176971275016,96.90160969260889,rough,54 deg
1.894176971275016,97.90160969260889,rough,54 deg
-3.105823028724984,100.90160969260889,rough,54 deg
-5.105823028724984,94.90160969260889,rough,54 deg
5.894176971275016,95.90160969260889,rough,54 deg
3.894176971275016,88.90160969260887,rough,54 deg
0.8941769712750158,90.90160969260889,rough,54 deg
-1.1058230287249842,96.90160969260889,rough,54 deg
8.894176971275016,96.90160969260889,rough,54 deg
8.894176971275016,89.90160969260887,rough,54 deg
6.894176971275016,96.90160969260889,rough,54 deg
7.894176971275016,96.90160969260889,rough,54 deg
-8.105823028724984,106.90160969260889,rough,54 deg
5.894176971275016,93.90160969260889,rough,54 deg
-10.105823028724984,102.90160969260889,rough,54 deg
-6.105823028724984,102.90160969260889,rough,54 deg
-14.105823028724984,100.90160969260889,rough,54 deg
-9.105823028724984,96.90160969260889,rough,54 deg
-16.105823028724984,99.90160969260889,rough,54 deg
-2.105823028724984,101.90160969260889,rough,54 deg
-1.1058230287249842,102.90160969260889,rough,54 deg
-7.105823028724984,94.90160969260889,rough,54 deg
11.894176971275016,99.90160969260889,rough,54 deg
3.894176971275016,95.90160969260889,rough,54 deg
-15.105823028724984,97.90160969260889,rough,54 deg
-0.1058230287249841,97.90160969260889,rough,54 deg
-7.105823028724984,99.90160969260889,rough,54 deg
0.8941769712750158,90.90160969260889,rough,54 deg
-7.105823028724984,99.90160969260889,rough,54 deg
-14.105823028724984,78.90160969260887,rough,60 deg
-0.1058230287249841,79.90160969260887,rough,60 deg
-8.105823028724984,85.90160969260887,rough,60 deg
-5.105823028724984,80.90160969260887,rough,60 deg
-8.105823028724984,80.90160969260887,rough,60 deg
2.894176971275016,74.90160969260887,rough,60 deg
12.894176971275016,68.90160969260887,rough,60 deg
-7.105823028724984,82.90160969260887,rough,60 deg
1.894176971275016,72.90160969260887,rough,60 deg
4.894176971275016,73.90160969260887,rough,60 deg
7.894176971275016,77.90160969260887,rough,60 deg
13.894176971275016,77.90160969260887,rough,60 deg
-8.105823028724984,87.90160969260887,rough,60 deg
-4.105823028724984,83.90160969260887,rough,60 deg
5.894176971275016,71.90160969260887,rough,60 deg
-8.105823028724984,80.90160969260887,rough,60 deg
1.894176971275016,76.90160969260887,rough,60 deg
-8.105823028724984,80.90160969260887,rough,60 deg
-0.1058230287249841,73.90160969260887,rough,60 deg
11.894176971275016,76.90160969260887,rough,60 deg
0.8941769712750158,78.90160969260887,rough,60 deg
3.894176971275016,72.90160969260887,rough,60 deg
-2.105823028724984,85.90160969260887,rough,60 deg
-7.105823028724984,77.90160969260887,rough,60 deg
-6.105823028724984,82.90160969260887,rough,60 deg
4.894176971275016,72.90160969260887,rough,60 deg
-11.105823028724984,85.90160969260887,rough,60 deg
-1.1058230287249842,84.90160969260887,rough,60 deg
-10.105823028724984,83.90160969260887,rough,60 deg
-3.105823028724984,85.90160969260887,rough,60 deg
-6.105823028724984,77.90160969260887,rough,60 deg
0.8941769712750158,77.90160969260887,rough,60 deg
9.894176971275016,75.90160969260887,rough,60 deg
8.894176971275016,80.90160969260887,rough,60 deg
-3.105823028724984,83.90160969260887,rough,60 deg
-8.105823028724984,80.90160969260887,rough,60 deg
-4.105823028724984,83.90160969260887,rough,60 deg
-10.105823028724984,81.90160969260887,rough,60 deg
-13.105823028724984,81.90160969260887,rough,60 deg
9.894176971275016,71.90160969260887,rough,60 deg
0.8941769712750158,74.90160969260887,rough,60 deg
-9.105823028724984,82.90160969260887,rough,60 deg
-6.105823028724984,86.90160969260887,rough,60 deg
8.894176971275016,75.90160969260887,rough,60 deg
-6.105823028724984,81.90160969260887,rough,60 deg
-7.105823028724984,83.90160969260887,rough,60 deg
4.894176971275016,74.90160969260887,rough,60 deg
-8.105823028724984,83.90160969260887,rough,60 deg
-3.105823028724984,85.90160969260887,rough,60 deg
6.894176971275016,72.90160969260887,rough,60 deg
4.894176971275016,78.90160969260887,rough,60 deg
2.894176971275016,79.90160969260887,rough,60 deg
4.894176971275016,74.90160969260887,rough,60 deg
13.894176971275016,70.90160969260887,rough,60 deg
-0.1058230287249841,82.90160969260887,rough,60 deg
-0.1058230287249841,82.90160969260887,rough,60 deg
12.894176971275016,75.90160969260887,rough,60 deg
-4.105823028724984,83.90160969260887,rough,60 deg
-0.1058230287249841,76.90160969260887,rough,60 deg
6.894176971275016,77.90160969260887,rough,60 deg
-8.105823028724984,86.90160969260887,rough,60 deg
1.894176971275016,69.90160969260887,rough,60 deg
-4.105823028724984,86.90160969260887,rough,60 deg
4.894176971275016,74.90160969260887,rough,60 deg
1.894176971275016,74.90160969260887,rough,60 deg
-1.1058230287249842,76.90160969260887,rough,60 deg
-6.105823028724984,90.90160969260889,rough,60 deg
0.8941769712750158,74.90160969260887,rough,60 deg
4.894176971275016,72.90160969260887,rough,60 deg
2.894176971275016,72.90160969260887,rough,60 deg
-8.105823028724984,77.90160969260887,rough,60 deg
6.894176971275016,78.90160969260887,rough,60 deg
3.894176971275016,79.90160969260887,rough,60 deg
8.894176971275016,71.90160969260887,rough,60 deg
-4.105823028724984,76.90160969260887,rough,60 deg
-4.105823028724984,85.90160969260887,rough,60 deg
-5.105823028724984,79.90160969260887,rough,60 deg
-3.105823028724984,80.90160969260887,rough,60 deg
0.8941769712750158,83.90160969260887,rough,60 deg
5.894176971275016,76.90160969260887,rough,60 deg
-0.1058230287249841,82.90160969260887,rough,60 deg
3.894176971275016,76.90160969260887,rough,60 deg
-0.1058230287249841,77.90160969260887,rough,60 deg
0.8941769712750158,76.90160969260887,rough,60 deg
18.894176971275016,81.90160969260887,rough,60 deg
-3.105823028724984,84.90160969260887,rough,60 deg
-4.105823028724984,80.90160969260887,rough,60 deg
-12.105823028724984,90.90160969260889,rough,60 deg
-5.105823028724984,82.90160969260887,rough,60 deg
1.894176971275016,75.90160969260887,rough,60 deg
-3.105823028724984,84.90160969260887,rough,60 deg
-6.105823028724984,82.90160969260887,rough,60 deg
6.894176971275016,79.90160969260887,rough,60 deg
-4.105823028724984,79.90160969260887,rough,60 deg
2.894176971275016,81.90160969260887,rough,60 deg
-1.1058230287249842,77.90160969260887,rough,60 deg
7.894176971275016,74.90160969260887,rough,60 deg
-11.105823028724984,84.90160969260887,rough,60 deg
2.894176971275016,74.90160969260887,rough,60 deg
1.894176971275016,76.90160969260887,rough,60 deg
