dx,dy,club
13.218445451099667,214.37039639776754,Driver
-2.0873566462184843,236.52567515892372,Driver
-4.6175816626600925,230.7976232609217,Driver
35.36377008877271,221.10802527825336,Driver
-2.8554801232669016,211.0832407363201,Driver
6.963984637059593,229.33376368672037,Driver
-12.172556354672915,227.83408737512104,Driver
-13.502057347812169,237.13044926761452,Driver
-25.93765898560924,245.9765914941214,Driver
7.103229117671053,219.7652026683345,Driver
3.6307270886502776,217.27037895923579,Driver
-23.348180769235857,228.58232991026603,Driver
3.2660087798339834,224.24641502812912,Driver
-19.919350119348778,229.15952578360555,Driver
-11.027493169590375,235.31884989579936,Driver
-2.0307177381119974,230.74289567456097,Driver
17.83699159972107,223.03339776512848,Driver
-11.501807794115255,238.29100424346194,Driver
-56.83542708580172,234.60111303383178,Driver
-22.397784290020947,222.2549645193684,Driver
6.148964450922358,229.39814556146843,Driver
1.0474357664373486,221.72699239098782,Driver
16.852793325089934,214.1050573684331,Driver
11.11775711114244,227.15895006078276,Driver
1.7994784198661369,228.0916512076201,Driver
18.792662849474166,228.83893554943202,Driver
-7.24623702980997,223.20332740516358,Driver
-19.465638067309808,245.94050159547538,Driver
9.619925368343024,216.1649391364714,Driver
7.552661711389518,226.28275553147628,Driver
-10.23386282167119,219.50863681467388,Driver
11.213355734218952,224.62408896262068,Driver
-26.07854944822788,220.53249231839047,Driver
7.79967529513893,213.32260149530458,Driver
-10.343053582946455,228.0557395278824,Driver
42.674847566282025,223.9835734075944,Driver
12.836838303032959,232.56534952874065,Driver
15.404931870353217,224.17045440085312,Driver
8.118280223596411,222.4349312351043,Driver
1.9733006978067615,203.49005932701394,Driver
-0.43797728118210133,234.3494548596465,Driver
1.113394405527454,223.76915970794732,Driver
-7.17760012585049,223.604202531591,Driver
-0.6687230680840137,231.7443744202474,Driver
9.054609427588343,224.437958289213,Driver
-31.443602512482695,230.04783810305702,Driver
-6.106074476194497,237.81393385320405,Driver
30.540541303900817,226.80564367713768,Driver
14.44298073879892,231.35322900326105,Driver
26.033709474956154,236.07171761301504,Driver
-0.566714789208173,221.4746102641847,Driver
-7.152243039038785,221.65098183013757,Driver
-0.02416643834913557,253.45246815729647,Driver
-19.481199840796844,211.486251582019,Driver
-23.668480972121635,240.3571121616648,Driver
-5.955631238512615,210.83795838090697,Driver
4.870559458424703,211.5506086455748,Driver
-14.07923592180999,235.51192555135023,Driver
-18.03058223320722,223.5008669261028,Driver
-21.111398667280433,240.84315356056698,Driver
-33.243197517203754,227.0554479804788,Driver
4.297690675145317,234.79776547238652,Driver
19.017647650126,203.8744809800216,Driver
-21.94287381673696,238.19584874252604,Driver
13.56790229128306,231.34854380515986,Driver
6.228894097797244,220.33197268871947,Driver
-20.490885880169447,218.64783538021854,Driver
-26.846660387873317,219.03490341009564,Driver
-8.82359187610691,231.01456247156528,Driver
-25.00738424454889,236.09594474571733,Driver
-17.079680747582763,239.844380024731,Driver
10.027447574878906,223.226005672626,Driver
-6.646682485029859,214.7923924248196,Driver
26.65940287029068,224.91515539863482,Driver
15.364686331186508,227.294027540147,Driver
-22.67294485276905,233.34712067904408,Driver
-6.560707848459627,238.64916062653793,Driver
-1.6279352030727752,219.61371247332633,Driver
-25.25115778166158,232.4730383128446,Driver
-37.50860876063754,221.7062894980275,Driver
-25.431947736505744,244.93815756124795,Driver
-28.35309204336566,218.53087486270903,Driver
18.92958441654963,208.42687661349146,Driver
-1.214697380499438,233.36778172475283,Driver
10.121494557950868,227.2817173058317,Driver
12.981977585046627,231.25111279885635,Driver
-17.755994676168037,218.8167955055785,Driver
-7.658466215045107,222.96965556895057,Driver
14.771920557690034,229.62813798033352,Driver
7.987141309123642,226.66746833106893,Driver
-1.3658028079886335,234.31341401911257,Driver
-46.8045449948648,224.50120758816144,Driver
28.94040578958377,215.57319911040088,Driver
-26.253458131477384,223.12726440886678,Driver
-6.1267933880983,250.77434597473098,Driver
16.086137030430116,227.89721595002686,Driver
-2.716494436545909,218.84115312108366,Driver
-18.548242165086887,233.7565313828806,Driver
8.228104025206614,216.69824127021167,Driver
-17.727797685248415,225.85978728376293,Driver
-21.49534033218883,204.31053856386686,3-wood
3.0344313943311856,199.36879808412698,3-wood
-8.846393791514979,206.5069076501803,3-wood
-1.7304306130337237,215.64151928834207,3-wood
-12.058160923426753,205.76601714145548,3-wood
-4.548317001405688,213.10242880641846,3-wood
-12.095194683062989,202.26518789291484,3-wood
14.0203299926779,192.0359991699247,3-wood
0.4496637633610629,200.34994030629605,3-wood
-2.1254941001144396,197.7891198373438,3-wood
19.887652702359993,200.26591022491553,3-wood
16.012219360895298,191.25543303390975,3-wood
-18.589130693372503,212.09411622041782,3-wood
5.757322967767315,193.87791517081567,3-wood
-6.44444267055944,219.57783557940238,3-wood
9.181674297603797,203.55153139673325,3-wood
-12.16208378872415,206.15076556812255,3-wood
-13.062315302953982,207.49251205013005,3-wood
5.988078528818483,186.4133904951746,3-wood
-3.702999523330138,206.20434748058565,3-wood
10.341394234189721,189.22811254727185,3-wood
-25.882815985954238,187.60824093261883,3-wood
30.1848415304018,202.78007946931706,3-wood
-5.350010794038132,205.61884551411407,3-wood
-20.964961091252214,219.41004755278513,3-wood
-8.459476625012874,204.79817484961328,3-wood
-8.935324516659408,203.465898567046,3-wood
-10.438004166949653,197.19926142763987,3-wood
-17.734980604396714,207.34671187176863,3-wood
21.93631107700414,207.13572383125648,3-wood
19.31240763351582,183.64373071672426,3-wood
-3.379529037493785,205.87590594871293,3-wood
-6.563185403265879,211.95702790797213,3-wood
14.17814602275458,194.05311215776356,3-wood
2.4234290145070743,200.81388760888817,3-wood
-16.257301727281426,207.21759201022405,3-wood
9.92368226885896,194.76137312165548,3-wood
-34.53626339234658,208.3854674758713,3-wood
-16.63571531055217,228.78510946694703,3-wood
0.07058329521950558,194.35713867614973,3-wood
-3.055355983548731,200.31182020530173,3-wood
-0.04051419017459359,207.31719119136167,3-wood
20.364719686631297,205.91713927834255,3-wood
-1.8957154590224998,218.89981063529856,3-wood
-21.620160414337967,217.91800841695274,3-wood
-14.165743547797868,201.58389121088686,3-wood
3.7275679557226247,214.6931868313381,3-wood
17.1992400961421,214.80133726677627,3-wood
13.06589630816584,191.7014323948507,3-wood
11.472952956708594,197.8592927823781,3-wood
15.641744622036216,195.80580392487477,3-wood
-7.485143105164016,220.66424997525587,3-wood
2.017852117321898,191.16849945065383,3-wood
5.495145916594837,205.47734967129924,3-wood
-4.33467457234554,206.28995853906326,3-wood
6.602845855814343,192.26941153463977,3-wood
-0.6664636000225574,209.58202482165862,3-wood
-19.00548597232766,198.7062875832191,3-wood
10.233574398565347,188.11477055891524,3-wood
-1.9235322343647123,206.93566495103988,3-wood
11.214928746562917,192.83702477679546,3-wood
5.313854365763131,197.11119431277254,3-wood
22.9422505534772,197.15677526840787,3-wood
-28.171799271640573,211.80458438715348,3-wood
-24.95210576668409,208.41532854745856,3-wood
23.570884712717945,188.0811009137287,3-wood
17.543516451808014,181.50432870219424,3-wood
-6.75083818433046,203.9405923533821,3-wood
-32.875869859715415,202.88111720532706,3-wood
28.108669753658553,182.84540873400022,3-wood
-3.896933016016638,206.33709489771647,3-wood
2.618610098314003,194.02081664269662,3-wood
-11.555241123803885,195.43148370864705,3-wood
20.323019610941873,193.36257370999024,3-wood
23.411755007877233,205.3069579131395,3-wood
-17.65692027519056,189.13650634913046,3-wood
-11.212655183907948,212.4595242150933,3-wood
16.3305531589247,210.22115167817563,3-wood
-10.517501117883258,205.6123741064962,3-wood
2.1371468629912185,169.94653394670794,3-wood
-0.7899400527523333,207.1714246295761,3-wood
-5.733184598946252,206.12841854299558,3-wood
9.032518044193072,190.80161020475398,3-wood
-15.355356814571513,206.18266125078802,3-wood
12.305348910531997,190.15024710790536,3-wood
-2.9936946852622266,197.09859754026203,3-wood
-1.559696567051811,208.2856439390752,3-wood
-7.412917115887086,194.8928464101893,3-wood
-3.5625376262354016,218.90013485899232,3-wood
20.244284143708203,200.15632278460663,3-wood
-2.6786640565145303,203.69635481017764,3-wood
-4.6194658396412,199.28600857225,3-wood
-3.0188610064886845,203.45870270785267,3-wood
16.010526816764873,187.61001170217173,3-wood
0.6742266306842911,191.62588901841355,3-wood
1.7131228513330667,202.32095539614605,3-wood
11.9602490176916,190.49258027935588,3-wood
-25.123546529500036,195.14879798311358,3-wood
-6.996370798071794,206.6538733027045,3-wood
-4.356956821434146,194.3256758485631,3-wood
-38.020316317010284,199.90592423855574,5-wood
18.059066631133934,189.93511328106266,5-wood
4.776746653857242,209.62602004041102,5-wood
4.2602058255613695,187.72028241981656,5-wood
8.463959653599824,183.08458254772844,5-wood
20.30825409987475,188.90147766068475,5-wood
-0.5402697294833217,196.9021265216122,5-wood
-25.53912106997542,208.73633441166356,5-wood
1.4633290073783622,189.7935615582284,5-wood
-12.681247348357608,192.8275198723002,5-wood
-27.478371306710798,207.0099943347964,5-wood
-6.560151612433034,212.2357865379952,5-wood
-13.242758534791157,189.45791413874164,5-wood
-0.10237298072775285,191.2316294094047,5-wood
-11.685027255234948,200.85247618880578,5-wood
13.92470167836159,189.4370291486768,5-wood
9.804638871501938,190.555522847589,5-wood
-2.1302533111636524,203.15094315921377,5-wood
-9.369539678912659,179.8015372551032,5-wood
17.79836556381259,184.45769785093523,5-wood
12.997784336461663,197.47577477546307,5-wood
-6.8015717022943845,186.36403322661215,5-wood
1.7055638311822523,166.67149325611211,5-wood
-13.367818505109971,195.87397762211845,5-wood
-9.577134557204936,204.13498068806717,5-wood
-23.742845086643108,186.7013712083743,5-wood
-19.59210924817907,189.9558172218672,5-wood
8.70436802058752,187.36462060961153,5-wood
13.218730050274967,185.09624093541774,5-wood
-6.779697783001264,186.45648907598473,5-wood
16.35279153930206,189.11348031158525,5-wood
-5.800226785040823,202.95153882119448,5-wood
-2.9781144008824576,196.13102893211487,5-wood
-24.369145137190753,196.11191565687827,5-wood
-3.550599928545951,187.4163401432466,5-wood
-27.73608215456607,201.82937748833558,5-wood
-19.601226705450745,179.96000840515353,5-wood
6.549205119022418,189.6454134082207,5-wood
-4.009809886359245,190.70327125555966,5-wood
-3.002352034862565,189.49546961184868,5-wood
-7.206899856411148,197.82676688987897,5-wood
14.10504572293837,194.91703303409753,5-wood
12.440109829880722,188.1212087674551,5-wood
8.79249915466652,184.42775700476355,5-wood
-19.204541459994168,183.96241136470599,5-wood
-17.218548224084532,192.37096737613106,5-wood
-15.490920281021715,193.94945982995455,5-wood
1.9696783108987233,198.39689656788136,5-wood
-9.833706956232549,200.11670486823763,5-wood
11.693753885174822,186.2590428398564,5-wood
11.171728586994083,182.78345421251586,5-wood
7.121639171207241,186.8877540641671,5-wood
-15.259514570482748,193.1878887517388,5-wood
1.2791529983626049,190.65746833981555,5-wood
-7.069866986488918,182.04651871680122,5-wood
17.937457232172978,189.19338466556098,5-wood
26.439589221001594,186.94352624792492,5-wood
-2.21891111399231,194.7208286899097,5-wood
19.048856862652286,187.01259447764755,5-wood
-24.517681786563116,191.1459137184545,5-wood
-5.911110169332828,181.65796186248383,5-wood
31.566109732811395,199.33528383542833,5-wood
28.455483685728197,194.55644346982024,5-wood
-21.08479207430795,198.09056959709716,5-wood
-5.3529715792532215,185.1214442723761,5-wood
-16.675870095698482,194.25936015167707,5-wood
-16.682849621362614,185.6470602276196,5-wood
19.79727123166252,175.09089461365915,5-wood
-22.560665190718083,189.5813729590684,5-wood
-15.84908884720716,198.4672551269656,5-wood
3.162982441977026,178.82746389902007,5-wood
0.8770388772150379,193.79493939647583,5-wood
13.40448873384762,179.11132793274203,5-wood
-5.862674538762504,191.63911748795445,5-wood
-18.745068026564354,201.87819554677372,5-wood
-5.413661894799443,201.16433002886336,5-wood
-3.8846219046818558,182.30410033244476,5-wood
-29.284108410125288,201.9303911923351,5-wood
-3.3504711740478017,193.61710343662742,5-wood
-11.048399055078018,196.56362608766872,5-wood
19.055805587416152,189.25961179901748,5-wood
5.544500489327893,181.26519147113933,5-wood
-15.09397015402426,199.16610503797784,5-wood
0.28532006833031753,193.7195653949348,5-wood
-23.604407353711295,166.6233872074,5-wood
8.293543039093091,188.6477115418372,5-wood
9.713671082395173,187.2941325258761,5-wood
5.607795869731286,191.23632439502572,5-wood
-10.12470500584559,194.23803835268652,5-wood
7.282193233787762,191.6777409935889,5-wood
1.9338699476480756,187.23225154074748,5-wood
-3.000563243251301,195.48111060156205,5-wood
11.591595560585757,198.86176272713405,5-wood
-11.997859603717721,199.89337672838167,5-wood
26.414853766526655,190.23243571756012,5-wood
26.687280974624635,189.23294896194892,5-wood
-20.753435533455292,201.98212082954117,5-wood
13.470322120656604,192.54907536317882,5-wood
-15.286634069121497,187.37838421071527,5-wood
10.401267517600836,181.38009680501318,5-wood
0.3679632733780865,171.20282711294524,Hybrid
-13.210087784791275,187.26020019432727,Hybrid
-13.904044134524423,186.438519219031,Hybrid
8.334760892622494,183.3252352657086,Hybrid
-22.006099881561603,183.12645280455354,Hybrid
-5.134108174462524,185.37278120120533,Hybrid
19.824917762189163,177.9411740107904,Hybrid
-0.16638432421296148,182.60280074695322,Hybrid
-8.94579420865264,187.87035937446166,Hybrid
-7.290538873491996,176.05619357473128,Hybrid
-3.9293723528035134,194.27669701262596,Hybrid
-2.167183882914288,175.80018305514258,Hybrid
-6.797284364342598,197.69758818799502,Hybrid
4.312177899773029,188.8584144683314,Hybrid
35.707945747341235,170.08029646134912,Hybrid
3.277288318904562,174.14227652521637,Hybrid
-22.409708308991256,197.0594525692393,Hybrid
4.083010137345494,166.05399168453562,Hybrid
-0.1510363793018351,176.70640334708372,Hybrid
-31.223092659469287,173.61429636091782,Hybrid
-12.964478810183387,184.09456066741737,Hybrid
10.015629350652652,174.54760218847042,Hybrid
20.04382341111141,168.84808170097128,Hybrid
-28.949078890293315,195.08237705968799,Hybrid
-16.349109143094836,176.16346599148508,Hybrid
18.529387714001693,172.97190418754403,Hybrid
-6.867201724576475,178.15927542031122,Hybrid
-24.668912319710632,193.53219272425994,Hybrid
-15.698691707401984,174.3696321468305,Hybrid
6.276850928147145,177.6335140803633,Hybrid
16.618472139157625,179.31043940940248,Hybrid
5.325509798238417,172.3556518404792,Hybrid
1.5198628109193568,168.94625375896553,Hybrid
-2.1391380491393583,188.3007787406108,Hybrid
2.2588011413865012,172.45393422142755,Hybrid
3.803481113392182,176.81730352767343,Hybrid
-1.88335951413012,182.5036070513934,Hybrid
-30.616645179991828,194.60426934775944,Hybrid
7.5604356068634075,170.1164450390622,Hybrid
3.986427708135005,174.8897626533378,Hybrid
17.76646592266291,174.80043916638098,Hybrid
3.7247409809293845,181.44073976319416,Hybrid
21.249047452454533,176.28876392818123,Hybrid
1.9892091270621477,173.94870314141752,Hybrid
2.5100471697219104,167.79996442346194,Hybrid
4.737561860263147,176.77414137264753,Hybrid
-12.238700928722633,188.603738780845,Hybrid
-13.795761547370148,173.6958747818429,Hybrid
-2.6342301062730336,184.48588724626896,Hybrid
-8.311144552626091,182.01473887089304,Hybrid
12.29125046951178,166.65328655080253,Hybrid
18.221546058275113,177.42787862662098,Hybrid
5.407442766193069,174.3996343601934,Hybrid
18.389859576899816,173.76219463520655,Hybrid
-16.272717242919782,172.8311835386885,Hybrid
15.273295456924908,168.49329463826305,Hybrid
5.936316892066251,164.5618305765143,Hybrid
-8.042535713544618,191.09634823725406,Hybrid
1.4178950033550062,175.82974323541023,Hybrid
8.287644727227878,171.16316751638846,Hybrid
-19.67721306622694,186.82749844369704,Hybrid
8.770563662246865,165.62922239211161,Hybrid
10.281266537464875,169.22282678855078,Hybrid
-5.616540000947091,176.19420149935985,Hybrid
-21.24035011428984,184.7936707255261,Hybrid
14.983806764082727,183.97373614026586,Hybrid
-14.83057718330897,176.30661657454863,Hybrid
-12.305000159287935,182.07840999828642,Hybrid
12.727000996361971,169.49696369900974,Hybrid
-24.9417339189817,202.19128022375904,Hybrid
-1.3422371151319115,180.32542006940764,Hybrid
27.167773109211282,182.90401680643456,Hybrid
-5.602645903410609,175.18630916933577,Hybrid
-5.42830019046192,168.84465005986064,Hybrid
-21.949450432016146,190.5343297140799,Hybrid
6.1231948012209925,166.2880893954097,Hybrid
0.8409003824409067,177.29203618761167,Hybrid
0.25455071269899127,176.7085664717589,Hybrid
-19.57037959952953,182.49937781603637,Hybrid
8.758678029846608,167.94142550280796,Hybrid
5.054491347159907,171.8483881057891,Hybrid
1.0999646734704915,178.81122933845813,Hybrid
18.445567810071793,165.35345490135555,Hybrid
-10.087681064666736,190.68850284372334,Hybrid
8.993015692855243,167.23077997511618,Hybrid
-0.5180190764432389,178.18265727561808,Hybrid
-15.973305387146361,175.97942792870072,Hybrid
-11.429370434905232,174.43856684305013,Hybrid
4.24588666620831,185.9702594494726,Hybrid
23.422492646634684,187.38883917559482,Hybrid
-11.63459459595781,192.02767084899358,Hybrid
1.0700777243189579,182.76415675782312,Hybrid
-13.275661582302257,180.0516764884467,Hybrid
0.1473446366740567,168.01167521060148,Hybrid
-12.29015212805655,182.04304821769745,Hybrid
20.256139800609443,184.16104236454714,Hybrid
2.594833694322104,181.49408045820397,Hybrid
12.30277178791641,190.08991649260187,Hybrid
-8.728795360207107,183.8210516421722,Hybrid
-3.0803013466318427,189.03828798988235,Hybrid
-17.754650756918192,174.55818030251257,4 Iron
-8.253359693043146,172.53796557866266,4 Iron
6.018525939019573,178.12279093748626,4 Iron
-13.3239740494666,174.06808052691696,4 Iron
-26.02445803982396,184.98886165335074,4 Iron
19.670993501888518,179.36462044777255,4 Iron
-18.636418805251754,169.26410316977262,4 Iron
-10.967736894706634,173.59322613106025,4 Iron
19.11057089112533,181.66052694692303,4 Iron
9.205593466301401,173.86063795545368,4 Iron
13.491503719459,172.5246536128205,4 Iron
-12.577793413135856,189.8822266384018,4 Iron
3.742914695358875,166.7804969885832,4 Iron
-16.06287548675133,178.91650515592488,4 Iron
7.274961005099973,170.7148463889673,4 Iron
15.599304803258027,172.5189527845257,4 Iron
-9.137379373128255,176.73332246168874,4 Iron
-17.250065808221187,187.3945167500847,4 Iron
-6.808381098975044,173.5170617914472,4 Iron
-14.734014888683646,171.62968229337486,4 Iron
27.255070519731596,171.0859699831904,4 Iron
13.194100749439023,165.95411166562485,4 Iron
-1.669959243523763,179.53161450655634,4 Iron
2.350118472576933,168.65676163203332,4 Iron
2.293023088413987,173.69288292736366,4 Iron
-4.695251139967187,179.68092517061578,4 Iron
-2.5903954476900544,183.12103965953054,4 Iron
-18.922624444123663,185.49890956903587,4 Iron
6.033252351327054,178.13392976917316,4 Iron
6.259965888360513,178.4626451646623,4 Iron
-8.78816209856658,175.32154665857973,4 Iron
-1.1549099868179589,172.7220425316271,4 Iron
-3.97736456579138,176.8044187685456,4 Iron
-9.082105315536607,175.99542468148138,4 Iron
-5.090300214904151,187.3962387633409,4 Iron
-9.999499249086497,179.9403707530479,4 Iron
-0.5681946345765656,175.0617375188313,4 Iron
-15.548456848004435,183.2727790995205,4 Iron
15.687394186653892,170.91960993705854,4 Iron
-13.868429479097736,178.5386537419393,4 Iron
-5.293890436879703,180.6313668295377,4 Iron
-3.234191302866584,176.4218036357123,4 Iron
12.796745164591782,172.06028648713257,4 Iron
-4.93674249457311,177.08282666638564,4 Iron
25.504812427777818,163.56141166551205,4 Iron
-11.92089121699034,186.7141409239325,4 Iron
12.497385744577079,185.12179477912517,4 Iron
-13.905102288212277,182.64046655165856,4 Iron
1.5091486245529482,174.77682858862482,4 Iron
-5.67414243437826,169.20483035507132,4 Iron
-16.6563262054232,184.70267337128558,4 Iron
-21.666070535641353,173.98124690462106,4 Iron
-1.597689872033246,184.6366418388192,4 Iron
17.732080544179148,175.54703128928878,4 Iron
7.46386124939761,179.38415912362876,4 Iron
-1.026625104691427,185.7671715514697,4 Iron
0.07663158179884053,178.55198047122474,4 Iron
-10.679526378082342,175.32651898934887,4 Iron
-21.740731421938463,182.89260739480906,4 Iron
1.08633659683201,181.50911084133077,4 Iron
-17.256691278664583,179.2759463986116,4 Iron
19.839977431761323,174.62694831003523,4 Iron
15.796174932219634,164.63853341963767,4 Iron
-12.670902004385049,169.98295632513714,4 Iron
-6.56337687342292,174.98797902013513,4 Iron
-9.243875063625312,166.90672498089143,4 Iron
-6.003563840018806,186.3176381834587,4 Iron
-1.7311678529192036,180.25478048917824,4 Iron
-14.494675971896207,187.28552215747288,4 Iron
0.1233445446859715,169.76259964301823,4 Iron
-3.4468946379364764,174.63243249026647,4 Iron
8.30099866610501,164.55503295671545,4 Iron
1.9778075296368551,162.2946941015534,4 Iron
-6.1037917989968955,179.6322109017006,4 Iron
12.751389868728147,171.31357513402466,4 Iron
7.458272828636562,168.91611934785945,4 Iron
16.719712328961958,182.67347385220484,4 Iron
-14.392850408707867,169.23931592334046,4 Iron
-10.81191278530309,181.13082511142576,4 Iron
-9.691680501675124,179.1501550009688,4 Iron
1.9912467361854072,172.0785319752244,4 Iron
-26.200454412984477,170.69034316394516,4 Iron
-16.99986168659199,177.6274746471322,4 Iron
3.9179817744208725,168.31852728736078,4 Iron
3.5370086459836925,176.76986225215092,4 Iron
24.94206882133979,171.18097597646434,4 Iron
-29.045419656785366,179.35679967789963,4 Iron
-10.48136349153739,199.02533417970892,4 Iron
-18.612643101177735,176.30541714562386,4 Iron
34.67176774191853,172.94092585736016,4 Iron
22.35108061726153,171.55212034449045,4 Iron
-15.127573232804064,179.42692724878302,4 Iron
11.722084786252296,172.63946511114435,4 Iron
1.893825325179687,163.17127030312827,4 Iron
3.0555742511512327,172.78348557679172,4 Iron
7.4623594540691345,181.0718187197656,4 Iron
13.413671902919862,167.17492220296847,4 Iron
16.333210092422924,161.71672539959886,4 Iron
-11.425362626931983,184.15919049310673,4 Iron
-10.282958636499693,178.35196575286267,4 Iron
-11.131966513786791,162.30324225081017,5 Iron
-9.034020362997069,170.8731822384765,5 Iron
-23.314939010059895,171.79777080535376,5 Iron
-7.62745108817161,163.4463611768901,5 Iron
24.55394928013233,167.08410194993226,5 Iron
-12.220546830559154,169.10623653251156,5 Iron
0.01731509698398766,169.44056005135235,5 Iron
15.207036086433993,169.09956548161725,5 Iron
1.8980883968614466,163.04485411366855,5 Iron
-16.932219609435116,167.7697304912935,5 Iron
16.813205088844793,154.26990826738177,5 Iron
-29.818417227495747,163.19494442863393,5 Iron
5.987611545211295,150.17451027484026,5 Iron
-1.3125118886811686,175.05209249619497,5 Iron
12.704848028515677,154.513550255926,5 Iron
7.855309265429425,164.14316115361572,5 Iron
-13.076173611919875,179.94372090164885,5 Iron
4.165324183312521,160.68377413504643,5 Iron
17.147089916562912,168.1421567611115,5 Iron
3.854020538392571,162.46387327373685,5 Iron
14.971272598919123,168.94009893181865,5 Iron
13.725629821293737,170.50014734107523,5 Iron
-4.2872453591921085,179.5317906138036,5 Iron
-4.317627245748023,184.05662663497088,5 Iron
4.405394926162652,170.6274802344954,5 Iron
-15.990454076741402,157.79579459295036,5 Iron
-27.822248953842372,178.41178251910102,5 Iron
0.8524491844835841,160.87191266913786,5 Iron
-5.785927614124937,175.8245556192102,5 Iron
21.137786084838535,173.70686315816943,5 Iron
0.28712759501107443,175.31243842460776,5 Iron
1.663557964866624,151.5316842543599,5 Iron
9.594504167167502,171.05867472854374,5 Iron
-1.957996827329632,170.56972698623522,5 Iron
-11.885853576777022,176.30493143336474,5 Iron
14.423315322167491,175.87224544974134,5 Iron
24.955421142180015,167.39364593808114,5 Iron
-1.0109022206170961,178.53717619381567,5 Iron
16.273968501218967,159.73253562864798,5 Iron
15.284908099091727,170.64681361141646,5 Iron
1.234865962637589,153.4807208609724,5 Iron
-11.804278748424371,173.56742764297223,5 Iron
-5.8685703288548785,167.30899362923228,5 Iron
-12.511028404768943,178.14794028303848,5 Iron
-23.735280874725586,179.40872397168897,5 Iron
-11.439582141924532,175.48404424677778,5 Iron
24.861787404775214,174.34607511760916,5 Iron
4.045614567367977,162.84930291879022,5 Iron
14.960470838550554,159.8968601002816,5 Iron
23.35463795919629,169.5472350275294,5 Iron
-13.149146760413492,171.65864226584043,5 Iron
-4.552196723667429,166.36193548513995,5 Iron
-7.4869128207224005,177.73373809965943,5 Iron
-3.747678029636067,169.95273139305775,5 Iron
-3.921014941745092,177.45907864457172,5 Iron
11.579779554800567,172.95497553905022,5 Iron
0.4402754408806483,164.47997389754187,5 Iron
-4.588487924262048,165.52209979504937,5 Iron
-20.678404461747938,163.5143022567644,5 Iron
2.2126116708657264,156.2427588386062,5 Iron
12.130339322619518,159.1057143976391,5 Iron
-5.858794420058616,168.18523671479184,5 Iron
1.4807729502401605,170.49283102049014,5 Iron
8.078883279237496,161.51922718785943,5 Iron
-19.707980630111926,170.88023632722889,5 Iron
-0.7901198597801956,171.9458769552796,5 Iron
2.9352013722428505,163.27771173380978,5 Iron
12.465125629801186,161.67157405926022,5 Iron
1.6470491641241136,175.0387089453945,5 Iron
9.783812422219574,161.17196652207,5 Iron
-5.621911649521063,161.77042545929845,5 Iron
4.760027560881358,168.90916761562576,5 Iron
0.27085190350412697,175.80550083879507,5 Iron
-2.423073093678881,178.24809261536157,5 Iron
0.2085164875742089,168.76769145791818,5 Iron
11.830690482670319,156.43398065830337,5 Iron
-0.47824888803096716,164.48649156788906,5 Iron
9.870738248595234,156.49330774071313,5 Iron
-4.739044898953678,173.04581338039847,5 Iron
-0.03210845494132478,171.75636485647254,5 Iron
12.721776935638523,168.15113591503385,5 Iron
1.729417283653465,169.78229766046599,5 Iron
15.45383212730714,160.75730826660956,5 Iron
12.533329545689039,161.58254653289356,5 Iron
-9.390817435091215,174.28161918972768,5 Iron
9.85827288239973,161.21015600636198,5 Iron
1.2422628393150978,157.85256516343603,5 Iron
-3.9330987612705437,161.1901198016406,5 Iron
8.528573764211675,170.59581156389274,5 Iron
-35.96132422807765,182.11036549024192,5 Iron
-5.0630118808884275,162.35523667947916,5 Iron
-4.730867776650877,168.41446936347288,5 Iron
8.10193617736127,165.5202785325536,5 Iron
-11.098243958910867,160.91012797105827,5 Iron
-4.645793161416878,159.69987582718383,5 Iron
2.1349475711357355,162.75928099339788,5 Iron
4.712635021180409,165.17520873989636,5 Iron
-15.58745052534475,159.6172307854862,5 Iron
6.321320611339097,165.58566526824376,5 Iron
-0.4754844574636828,172.47299123821333,5 Iron
-1.173380700267357,161.06833883809574,6 Iron
6.607637176542549,150.21337200866222,6 Iron
0.07619197710783632,147.4065309138891,6 Iron
8.40077792818763,160.09909138170002,6 Iron
-1.793570433736303,157.74796444986723,6 Iron
45.00364098772712,150.79618136592939,6 Iron
18.663828989963047,158.9199659116842,6 Iron
-0.31051598389393836,156.79355412954052,6 Iron
-5.667271183983118,155.29234991401765,6 Iron
-10.260621676491478,155.07791688761128,6 Iron
3.149996775546675,153.7304885394686,6 Iron
3.6330459418387107,151.22081962015048,6 Iron
12.845302810174688,170.774804919941,6 Iron
2.4860307763855642,142.82070407942882,6 Iron
0.034069368923851796,156.35679239250302,6 Iron
4.313372068608493,142.46552492991037,6 Iron
27.96003623361194,156.60859317946742,6 Iron
-11.011731742177043,156.17016700270148,6 Iron
-7.296782809298074,161.9020110070262,6 Iron
7.12717476690367,134.2880915632038,6 Iron
-0.7847463877267986,162.13781347156868,6 Iron
0.1658991802001444,157.1383086481463,6 Iron
12.05092089063582,157.7123165341531,6 Iron
-10.130421722350246,149.76634029435334,6 Iron
8.77343286016035,155.2876903500701,6 Iron
22.443371887188505,147.4558469346927,6 Iron
0.21776825312034892,146.79622667284255,6 Iron
-0.7825123003066812,155.68933028984165,6 Iron
12.278787166864817,154.14253851776206,6 Iron
5.858197874176643,151.57363845624775,6 Iron
11.798064763008602,151.74239401044917,6 Iron
5.232152695547007,163.39251492274664,6 Iron
-11.354897565955346,148.053170375466,6 Iron
-7.484180976662485,159.79288177186683,6 Iron
-6.893337052596895,159.7027119952731,6 Iron
1.4694788417966966,158.9453495346377,6 Iron
-10.11735323293778,175.8716886689026,6 Iron
3.2766823723446596,153.36959775144945,6 Iron
-3.4813366910440537,157.3222093911122,6 Iron
18.03592825586686,158.81343617188912,6 Iron
-10.15296206310592,155.24845721857076,6 Iron
20.911945905973415,149.4192265851748,6 Iron
3.3264819964883294,144.3345876653188,6 Iron
2.3849993176905104,151.3794820401539,6 Iron
-3.904786938187082,156.66923219670426,6 Iron
14.320096483233435,159.8083858826983,6 Iron
22.442443872012426,165.48851784569615,6 Iron
9.144611938760843,153.24918575604377,6 Iron
-22.308751996447423,155.47525798644776,6 Iron
2.283218987094411,159.6499309659575,6 Iron
8.395193958636469,163.20427356542058,6 Iron
-11.998770426994692,159.05650865474007,6 Iron
8.244656769605099,147.65330523806657,6 Iron
-4.552663925036746,165.57315174574393,6 Iron
5.15057188404825,151.2147039025722,6 Iron
27.59994392610584,152.6921316319314,6 Iron
12.835112131817143,156.21257992397912,6 Iron
-1.422539737852029,166.14774558807534,6 Iron
15.856136097027441,147.8706815725854,6 Iron
-8.786946087322091,157.6138838011345,6 Iron
-9.794877813306128,160.42785697553637,6 Iron
-4.171226356081469,151.75227622853527,6 Iron
2.5897918569949883,150.84792236891028,6 Iron
-11.371914660821645,158.27528958058048,6 Iron
11.939857584235192,148.75547535489935,6 Iron
-11.167299148976088,151.4033704303178,6 Iron
-0.2755615994541372,153.14674040469126,6 Iron
-23.059026937055496,163.98682292162815,6 Iron
-1.649515649488944,162.31419823469182,6 Iron
18.131281503211632,159.76864505522872,6 Iron
8.39742309088764,161.8427049087858,6 Iron
-7.628087548592742,156.45823212522868,6 Iron
1.3093345424920344,138.83831929541304,6 Iron
2.168785751816255,152.94859054223335,6 Iron
11.10466036473782,157.3017305634175,6 Iron
-4.8737228738555105,173.1834218839536,6 Iron
-3.0899094084684164,160.4500528808559,6 Iron
9.35458579213045,156.15171597006136,6 Iron
-1.8345285863807883,162.7877630400622,6 Iron
14.467584077245665,153.3475084163565,6 Iron
7.7064669222912645,149.91629423089114,6 Iron
9.218814222667989,148.10132724601135,6 Iron
-5.439906393174026,158.43853848341877,6 Iron
-2.5589923461004194,154.26620012904084,6 Iron
-24.17198895837235,153.17002536281788,6 Iron
2.097311261368093,155.071283301506,6 Iron
-9.53066561739452,146.6814774473639,6 Iron
-7.1570417901613865,152.63034097787823,6 Iron
-1.485110434306634,158.00662794566605,6 Iron
1.1618130164137432,155.707455296575,6 Iron
-15.281358150978802,147.11061547568502,6 Iron
9.412379627621556,157.6138201987528,6 Iron
-10.818161561092463,169.43726433470837,6 Iron
-13.263475792615099,156.25111567033053,6 Iron
-6.544349564843196,167.24271886454713,6 Iron
-23.043001828229922,154.9478319666486,6 Iron
2.827898842523288,158.72908085353453,6 Iron
8.850027044959432,154.302090450835,6 Iron
-1.0921605771771055,163.88230827999075,6 Iron
7.141525448065841,149.0404975989918,6 Iron
25.624394398211333,146.14341178479154,7 Iron
-2.0238808665632573,145.4550614931531,7 Iron
-13.957941561556382,142.44285878673455,7 Iron
9.744128101392237,140.44644120298344,7 Iron
1.5734667460033602,143.62185939083835,7 Iron
-3.2073834346973222,143.25302847731035,7 Iron
-3.914908850383509,152.60816268097838,7 Iron
8.96057888089797,152.86331673699812,7 Iron
13.19617038303601,140.95130852413837,7 Iron
-3.3510655518951955,151.6092210525415,7 Iron
-6.673759716259281,148.3916358145026,7 Iron
7.098835432229705,144.9639874896484,7 Iron
1.6941676742721667,143.7243149595661,7 Iron
-16.509524114312647,152.16928526751008,7 Iron
4.71555959278253,142.98314436947996,7 Iron
22.11305608693213,146.4728500681633,7 Iron
3.1968875714600826,137.84264994830488,7 Iron
10.666001234140998,134.10223536377774,7 Iron
20.986789741226847,138.8915040551546,7 Iron
9.857420065684948,139.5711797188437,7 Iron
-7.268589023284794,152.18897813326694,7 Iron
-1.6810907945227043,147.52665779796746,7 Iron
-0.12191168263240085,153.75991698915303,7 Iron
-4.591401504060629,147.43239300491788,7 Iron
-8.853782979678247,151.4933948923214,7 Iron
-4.067394989360863,150.2687624087598,7 Iron
4.697731755207985,139.65792189009767,7 Iron
9.145666543053672,139.0490810969597,7 Iron
-17.766624682250097,145.81628926982694,7 Iron
3.0660002407311286,149.36859933819622,7 Iron
0.0851214423019753,143.1974564655102,7 Iron
1.3976875257690016,144.14877462367951,7 Iron
-21.15889294006278,156.41649701578976,7 Iron
8.74764316563609,146.56826714659744,7 Iron
11.661161775895387,139.05958519796135,7 Iron
-11.486385017004535,144.90206001151938,7 Iron
-2.8827268887207835,153.18636743731972,7 Iron
-13.207549768678982,147.71625560002553,7 Iron
16.105325351143225,146.09405397323306,7 Iron
23.43907784625824,125.05697213752676,7 Iron
-1.4147874469780921,152.48579930047921,7 Iron
-15.635926270209442,146.48045184036968,7 Iron
18.781211376032765,137.7206482246919,7 Iron
10.522509106716523,132.53486948640614,7 Iron
7.522052706536315,135.67301181094285,7 Iron
-14.739865475503905,141.63523725869743,7 Iron
-12.611536381035606,155.51772020283929,7 Iron
-2.0591087347995014,143.07123309106663,7 Iron
4.660898180971218,146.77538864453282,7 Iron
9.484330223821054,147.92970763368191,7 Iron
-5.926904347176625,148.99195358325798,7 Iron
-3.9239266839002935,150.2798922661654,7 Iron
-3.6582725706930934,138.1666548617892,7 Iron
-7.131038773280387,134.46839647869564,7 Iron
-16.08365500861232,146.02261481397886,7 Iron
-8.717355654018919,143.63224056043975,7 Iron
-6.365728555661363,148.71961708147828,7 Iron
0.42566084590750314,135.67301984578344,7 Iron
-2.2387340081554483,158.62782129065715,7 Iron
-12.598880340881639,150.88334206618745,7 Iron
4.2487622511588015,133.57863330284513,7 Iron
16.3511222777751,150.08885227934402,7 Iron
-14.406956272992893,146.42627272872497,7 Iron
-17.90116713065173,144.61379921249178,7 Iron
19.341433440800774,137.89781187920525,7 Iron
-1.3832378537715133,146.65299806000044,7 Iron
-12.077524364909337,152.95642736351704,7 Iron
16.75497384618769,143.92320231418952,7 Iron
-1.0122215776044938,160.0553214482043,7 Iron
-1.815307496463951,140.01945088229405,7 Iron
-2.4644092220432348,151.75743657339962,7 Iron
-0.5332699787056218,144.24041438755899,7 Iron
-7.059847333706548,148.34923447197883,7 Iron
6.100444753602343,137.38502135779785,7 Iron
18.243557794867883,144.32565113772807,7 Iron
-16.264635802414343,150.17877677947064,7 Iron
-16.744003153285572,153.361213992502,7 Iron
-28.87941927788428,146.5271213608933,7 Iron
7.524339345911642,141.82076580234116,7 Iron
10.6380047294191,135.14316372560748,7 Iron
-1.2016990068511058,147.77867562850406,7 Iron
11.78765326731666,146.57362548464678,7 Iron
0.5335260214163906,148.6413230690577,7 Iron
-0.39004630987381544,161.14713066792382,7 Iron
1.5206993993418318,132.3456233421062,7 Iron
-18.09882083665508,153.79622393700487,7 Iron
1.1524026929600943,133.14898909550325,7 Iron
11.294196550470552,134.90453031217916,7 Iron
0.8354624927357197,142.78117996666634,7 Iron
0.025629559868554988,144.50136981406936,7 Iron
25.237703504040844,140.2343485380966,7 Iron
-4.359983224364435,140.88101821829707,7 Iron
15.720230501885741,139.16318604625275,7 Iron
14.127322268265962,144.1273840228839,7 Iron
-2.605282004868818,145.14488771535676,7 Iron
1.5795776519495068,139.86145220108034,7 Iron
-0.02348250050826386,142.00173252591708,7 Iron
6.419150754408984,141.12417912822085,7 Iron
10.540018884684105,139.48862135417357,7 Iron
17.273093316747953,136.43897334738307,7 Iron
12.113626985023723,138.89363832463405,8 Iron
-16.627771558315132,145.33551487766252,8 Iron
-1.361951979084333,146.43832490960492,8 Iron
13.483011797291384,141.24057980542224,8 Iron
3.6761554490528003,126.46165841016757,8 Iron
-8.81819423855563,139.5688972747876,8 Iron
-24.64305590679818,144.64660190121847,8 Iron
-5.036086495493124,143.48482442215962,8 Iron
-17.69707455424785,144.10531658193753,8 Iron
2.6488815549303952,138.927008748084,8 Iron
-1.2636388708837927,142.69909333124204,8 Iron
11.109203982123418,133.07949246497495,8 Iron
0.27679749019586397,130.18457298682486,8 Iron
16.52777300946019,137.11380102562825,8 Iron
15.851545666379103,122.04622193571085,8 Iron
-0.4464040834593357,141.85085663787365,8 Iron
-4.119555389705567,134.20268562678896,8 Iron
-2.4492964731321827,138.8923430005132,8 Iron
-9.871517324330336,132.8653467215345,8 Iron
-2.5445655805870855,144.87499546146282,8 Iron
-12.953930990584213,140.76111879121075,8 Iron
-2.4836510100520757,147.03802662701906,8 Iron
11.109169627665144,122.34587299148426,8 Iron
-8.980394287272938,143.20168251072468,8 Iron
-18.12626698939743,147.46955048445375,8 Iron
1.1297678857106725,134.81945528513643,8 Iron
-6.636346620544819,145.3340797489737,8 Iron
-8.308320872540506,141.7260389842496,8 Iron
14.61688542539532,133.51279124557504,8 Iron
13.928124457183259,121.67910773976809,8 Iron
11.75917907919512,121.51590259126151,8 Iron
4.893823764053912,128.1206036179428,8 Iron
-3.473742982787115,142.08627356728655,8 Iron
0.9752539998195229,133.2100587157255,8 Iron
-7.501330554359937,131.96347463567568,8 Iron
7.062056773679547,142.07690046538858,8 Iron
20.754140173066574,132.31588504356841,8 Iron
7.274288772568118,119.94423626134594,8 Iron
1.5707368641277661,133.42807287009884,8 Iron
-9.233461948866958,136.32064382086773,8 Iron
1.3439925603294545,134.27865613376957,8 Iron
6.995647195714484,126.85947064418258,8 Iron
-8.859165641420626,134.6512167625586,8 Iron
7.786841697232405,131.80804230773586,8 Iron
0.9854935322359368,136.8091210853824,8 Iron
13.5380189186263,134.13850313248753,8 Iron
-7.6248022941251525,148.89064016933455,8 Iron
5.006452401612699,144.67151095408008,8 Iron
1.2363755234733114,137.5141549267058,8 Iron
5.883526525949099,129.68867680507648,8 Iron
-17.869553389303835,131.7899489669888,8 Iron
-5.994060620589163,142.6481530783933,8 Iron
14.750958041557489,123.4769584127157,8 Iron
7.818347519314379,127.33397387124008,8 Iron
7.060463857685115,123.82989249148017,8 Iron
1.0480985103159433,133.9008090002532,8 Iron
-2.2124688649929087,128.92708481713032,8 Iron
20.385544974706352,132.89719108851088,8 Iron
15.049164855511197,136.54896314696754,8 Iron
0.12780147708605621,138.17019425274927,8 Iron
-12.687701000918228,139.31264274791866,8 Iron
-18.058843610873016,136.20590804196303,8 Iron
-2.8786233107280434,139.0027477518722,8 Iron
3.5978404059996056,123.09178886582077,8 Iron
-12.842246999416496,134.9287856164028,8 Iron
-11.180014383538877,137.96208801963715,8 Iron
-4.752681427463129,148.12548302620772,8 Iron
6.188749671253264,129.75583098154837,8 Iron
-2.234136424251597,131.83596689218498,8 Iron
-12.051490044030228,134.75840723291307,8 Iron
13.419377524757437,129.18817992134697,8 Iron
14.188963116792802,127.94254251796666,8 Iron
-17.680844699890006,131.9001034896053,8 Iron
19.27357475914035,138.12334917661485,8 Iron
-4.796695013922849,130.5773512759732,8 Iron
13.093366859707206,121.15466212399895,8 Iron
1.6156242876029314,137.7152295987739,8 Iron
8.808295363822786,131.60295683554742,8 Iron
-10.567334600003575,142.31422281785984,8 Iron
4.275918541259555,133.74722598355163,8 Iron
23.156412557122977,139.91552854642458,8 Iron
-2.5305997968720204,128.21244679288276,8 Iron
4.4848415996591005,140.29627122637208,8 Iron
-13.688277910313518,136.63766922907496,8 Iron
12.334364683989152,140.6310836464168,8 Iron
4.392861455133978,130.4619565343325,8 Iron
-12.095774539338208,138.5207704658225,8 Iron
6.951861960256426,138.60507167413846,8 Iron
-25.662260972668957,133.39261584143827,8 Iron
-3.683849587329868,144.081095119168,8 Iron
-14.244845931921848,131.0131402475839,8 Iron
5.498791989672249,128.49305543681075,8 Iron
-24.13414088763696,129.85838833460352,8 Iron
-9.991999974883596,141.84525181558158,8 Iron
-1.018582565798346,146.29227229742543,8 Iron
-2.249744232617803,130.35049583071384,8 Iron
-8.2201567369224,136.11957871739187,8 Iron
6.6184164259299445,139.41462035107827,8 Iron
-11.397248399517155,140.6519731944223,8 Iron
8.076674807436705,132.98172018939468,8 Iron
1.5158785362857543,120.35327490351693,9 Iron
6.668319992197891,111.49674480319985,9 Iron
-2.783225494167394,131.17459074133083,9 Iron
-7.4114130779791605,131.40556129993973,9 Iron
-9.231569557412282,129.02778371590458,9 Iron
-12.751067070514074,119.89318633072143,9 Iron
-8.661300650765996,122.89348980306532,9 Iron
-0.4342966943818192,136.82999475731802,9 Iron
2.6237218175522465,117.305228564356,9 Iron
-15.491345939124422,129.06838676054403,9 Iron
-0.9514500822341148,127.69664625832283,9 Iron
3.0863298876057748,128.20000166835126,9 Iron
4.0220248408408645,114.81774896520872,9 Iron
-2.141720300342589,127.92568581637089,9 Iron
5.143403174622985,112.09680780957228,9 Iron
14.219527477627116,124.18908201579235,9 Iron
-5.8570981150870685,121.78397595998902,9 Iron
7.360325961093906,120.35315503450583,9 Iron
13.741536301362109,130.66346999316193,9 Iron
-5.028637875664076,127.27948084386871,9 Iron
9.266564755228758,113.7212471204674,9 Iron
0.7309984696120542,113.87259954271367,9 Iron
3.2237287706977784,121.67929665498677,9 Iron
-3.047226940944965,135.58382357817013,9 Iron
-7.1337845377792535,119.1694057957405,9 Iron
-7.427673178919738,131.85562608590283,9 Iron
0.26797954072812474,112.7269099959593,9 Iron
-2.6074212991408436,125.54436770665643,9 Iron
10.139032649937771,134.05447306724562,9 Iron
10.533643600570997,113.14446730548075,9 Iron
8.02587915739913,118.7634971192062,9 Iron
1.587163624072935,116.52323708893913,9 Iron
6.103190744899804,127.27646621342535,9 Iron
-6.824045701218294,125.18017886411458,9 Iron
-3.2068466609182837,128.52846947245266,9 Iron
-4.313095468368967,131.25787134649383,9 Iron
-2.902103039098983,123.61482801945226,9 Iron
-17.295312838647455,122.57870730454906,9 Iron
-3.2181917847235786,128.60060565061156,9 Iron
-0.8158522547934015,129.28285436330938,9 Iron
-4.270998461257349,128.61521720088248,9 Iron
-1.625324899093939,128.0589266684516,9 Iron
6.232552125385284,123.41352090660517,9 Iron
-2.4589840775190845,129.55871520454076,9 Iron
13.48805996485405,125.43769262969855,9 Iron
21.33217126393339,121.75477774646423,9 Iron
0.6846688956839649,114.51099710505213,9 Iron
9.986854144993607,122.25363900069317,9 Iron
5.761707725569787,125.1519737714318,9 Iron
10.016118721210875,114.65452414604529,9 Iron
-11.382316263424618,126.70459035105323,9 Iron
-2.000406308854548,133.66437248937524,9 Iron
9.152209825595687,121.8915520574061,9 Iron
-20.12697965388822,128.263524730436,9 Iron
-4.990867652419901,123.0580488842222,9 Iron
-1.5773951485470359,130.52893700480234,9 Iron
-8.136474631702198,123.26663255216195,9 Iron
-0.5222084481337851,123.74153350343573,9 Iron
3.3412851119757403,132.1195591778729,9 Iron
16.342690184306505,119.41905370890929,9 Iron
-0.8382960683519051,129.37856815558115,9 Iron
16.986136779981557,118.15310797241801,9 Iron
12.792114566046783,126.80252236796777,9 Iron
-2.77808557618028,119.9093561912339,9 Iron
-0.29006674104451924,125.64311896769736,9 Iron
5.6595904917015725,119.6982045047816,9 Iron
-12.952663684519845,127.42011567494197,9 Iron
11.45838643704123,112.59897202783552,9 Iron
-8.965237381802512,123.27981734338084,9 Iron
2.0526490485625417,118.03566629052567,9 Iron
-2.033145307215966,124.92851462034817,9 Iron
10.97242791383242,120.75378001269627,9 Iron
7.95998479484972,115.88325083504283,9 Iron
-0.10428462766766847,128.53357874060748,9 Iron
2.852464066450053,122.75898006775236,9 Iron
0.4410173159083114,131.86676310993687,9 Iron
-1.6150300970256148,131.92338094119737,9 Iron
-4.298564034746889,127.93285264245083,9 Iron
-0.4486054453649373,134.98031248377566,9 Iron
9.9609226675781,118.12542239469528,9 Iron
0.9536422425892929,131.46139802846687,9 Iron
13.71752795635756,124.62931490515793,9 Iron
-2.9884224110675617,134.682323337664,9 Iron
5.366668962972603,132.87155206505747,9 Iron
0.3512016194245215,115.758930829503,9 Iron
5.008559560487622,125.21086759248747,9 Iron
9.323847670191803,110.75568021937025,9 Iron
4.657732863402651,123.57321629945807,9 Iron
4.64001957162519,120.8847584753497,9 Iron
-25.023013784728033,133.50473998711846,9 Iron
-5.372972714578145,127.82159857826024,9 Iron
-3.6304515807360653,132.06351678740214,9 Iron
1.8444542093020475,128.92892753078993,9 Iron
22.518548865876742,120.0329524620646,9 Iron
2.2581500650858115,110.46355705079849,9 Iron
-14.721785748943136,134.8333353703444,9 Iron
-3.997980784251788,118.93684887423834,9 Iron
-20.986142631493692,125.77600691484784,9 Iron
-8.575939056661499,124.23032089354207,9 Iron
-13.6540391649619,122.15342476199613,9 Iron
13.130051435569385,113.73226640566004,PW
-1.8842065479816208,115.44682600039701,PW
-2.0581216558199706,118.20668275785792,PW
8.49516343339272,112.11135951229556,PW
-2.5328168752399143,121.73879207845512,PW
-13.33513214877164,105.8248154812959,PW
3.605338065293202,111.19787692724245,PW
-3.9829022296785808,109.37789895286572,PW
5.397755271141485,103.28385750970818,PW
-3.1811198963060883,112.81859015794018,PW
-4.889093264992604,124.83286743648699,PW
-10.846603087939817,114.63566949431248,PW
-1.6149544849217998,108.03602386418972,PW
5.83998324705075,118.22354165376517,PW
0.17469978241689996,108.98074779105302,PW
-0.05538386321984898,115.38807851063311,PW
-7.591546759530919,109.77979457036803,PW
1.7789717309572637,103.94964646828072,PW
1.1375815873465231,110.12297783744661,PW
11.212957921378091,106.4157498401919,PW
3.9304466878105684,108.7638590191946,PW
-10.007768197975787,109.57140679100152,PW
13.245809450272246,106.10513233109458,PW
-9.790877662141419,121.43638676432549,PW
9.556178291157257,108.76454214941991,PW
-13.53336019216091,111.23254155260307,PW
3.1675793977419033,96.57014460462804,PW
4.023152595242844,109.62232796980436,PW
-9.066184194836609,125.13789933067244,PW
5.0997251342158725,110.93644171288193,PW
0.5987840652347237,109.97513417813845,PW
2.0729357193712823,103.04650634910134,PW
1.951536551151784,109.84604312703676,PW
9.48470937838107,112.90718469035471,PW
-3.1323179966829056,121.1916071381575,PW
-2.2296399075229263,112.54160994324602,PW
21.16675039675307,114.09430548250478,PW
-4.31236357415721,109.52919945662515,PW
10.238389663239214,111.76990437092942,PW
-5.192945631209014,114.38697253965923,PW
-11.215172920315812,128.48895399154597,PW
11.586977242419932,105.9967109140802,PW
-1.9391812391747185,118.323109932947,PW
1.676965851789955,102.6853802336436,PW
3.826767465106716,115.28984228964644,PW
0.6525974204194361,114.7458907597002,PW
-0.4717221877839387,120.43409000519758,PW
3.1789716716580982,107.08933516366156,PW
-1.3570390080488661,121.56804516228972,PW
-3.6973019481931613,122.60888558766213,PW
1.1396145762458065,103.4740069999245,PW
-5.871657908444785,122.52091894077427,PW
-2.29012866240312,117.31497107887074,PW
-5.300646682603983,118.92317939882976,PW
-8.92004224888517,112.6932356023436,PW
-16.333824347905242,119.80734058900337,PW
-3.2216929956036267,116.95675777016412,PW
9.917737797338317,109.37901470633237,PW
-2.8719238605831547,116.69700592309295,PW
1.3568768682701553,110.59211791663036,PW
-7.7068645520142445,112.84222612366077,PW
-13.381328058910842,115.2375571876304,PW
13.084128984073612,102.40759850182117,PW
8.664673148784317,109.10216179347483,PW
-13.909864383100679,108.86329856704104,PW
-4.138263836120784,109.79502386847315,PW
-4.0590954242778965,121.56204841073446,PW
-6.192947803060723,113.35650276775439,PW
1.1320087761505462,102.19996231563614,PW
-9.74885578958006,124.15663337847865,PW
14.325261504411031,108.11291927529086,PW
1.5903580390874208,115.26245082241752,PW
-2.1241678130285706,117.58375961316602,PW
-1.351314419994167,118.7536998799072,PW
-11.694277505902607,121.53657320008729,PW
-2.3020806568461807,110.4252088023442,PW
-6.685499185440997,115.33568899683901,PW
-10.229048467329989,110.99428671785921,PW
11.596966770732813,110.56405958304963,PW
8.979566150502567,104.20853831770326,PW
3.1375438820234174,107.26483566091116,PW
-5.333920411213911,121.03081239396197,PW
-5.489339946250361,122.66500573968996,PW
-4.2511936554039185,115.45462421541339,PW
6.675407290188991,109.17696613470235,PW
7.55367617203763,118.80177105354302,PW
17.407832166926397,107.40253416961997,PW
17.849975791667248,108.42700452543203,PW
-1.720473270531639,113.75048301541969,PW
-6.040600530984168,113.32576336939557,PW
19.351271780852723,103.81590798140422,PW
3.038695368996105,106.93374900277628,PW
13.90066422890388,111.85993506628577,PW
16.346538217213947,106.9271242501311,PW
17.91130256523053,110.46667386072298,PW
-4.101499235362403,111.41890222375957,PW
-14.601563877819705,119.57106478492481,PW
-3.7501681153098807,112.46770181109696,PW
2.840049282643371,107.68343182620409,PW
-17.82844646878577,117.25293196014168,PW
12.741411711523984,108.9206332771169,50 deg
-0.6809487023986412,116.71648541406071,50 deg
2.135748720328091,99.66335582922247,50 deg
-12.034723359608092,115.75114098932201,50 deg
2.2515942380617346,103.92059657637151,50 deg
14.09251480479608,108.58401261417934,50 deg
3.4422938368306855,112.74031058739678,50 deg
4.979253835612658,100.78771416035555,50 deg
-1.5884270878178823,118.01664993926215,50 deg
-10.442199540223653,113.45830556788714,50 deg
-2.270270694402732,114.55562885313972,50 deg
-0.54552798459197,112.23244743982515,50 deg
1.838964400756735,103.32177327662166,50 deg
5.771751475918067,106.97541398009668,50 deg
-5.041221158326224,111.43946659235063,50 deg
5.882699129014788,105.36027618630956,50 deg
1.8826624222644202,106.8627202670805,50 deg
9.724697765019975,103.27226124369936,50 deg
-6.427515930803993,111.5649327449411,50 deg
-2.216010462460205,110.33512941301578,50 deg
1.7689053047082564,97.05815051819908,50 deg
11.610425017037011,106.06536559488195,50 deg
-8.172007144068733,119.64520041088554,50 deg
-11.057314311923998,110.49394593555859,50 deg
-4.671963017503903,114.7682064255158,50 deg
4.61516845842883,99.58358874785277,50 deg
-3.7931582162719,115.21535454944154,50 deg
-3.2162950200705445,118.16094549340096,50 deg
-3.6487784286711853,106.97960136787965,50 deg
-0.39478221827490323,110.02713809397062,50 deg
2.155729408453237,105.68598492881652,50 deg
15.909231669894812,109.23545982703571,50 deg
-11.186561406179313,106.06060822038152,50 deg
-9.329234948692347,117.52142699390761,50 deg
-0.31840827507483727,124.91673415391305,50 deg
8.615044135477254,103.34042333100093,50 deg
-0.44086038113279163,111.32959453669469,50 deg
3.7438668075766866,100.48725395426875,50 deg
17.56734821779481,105.2031809405044,50 deg
-16.22029444773474,112.90113541176986,50 deg
3.6481767389066,102.94371305191363,50 deg
15.073674245587886,101.32431457480583,50 deg
-5.052809666912856,108.08490894233233,50 deg
-6.546224566513446,112.489320204903,50 deg
-0.4366836533545833,111.56457479212725,50 deg
6.270629514521025,107.46302228224471,50 deg
-11.79681870768912,116.42062745451213,50 deg
-8.429543131384639,103.8654257733094,50 deg
-10.8136645539705,110.23616695829728,50 deg
5.17922353939937,108.19354707074953,50 deg
4.437081378568891,101.95922215352093,50 deg
-3.0287566121118186,109.96530097699345,50 deg
1.907576870761642,109.22072180479735,50 deg
7.539437874385496,105.55496944345623,50 deg
7.494197647379922,97.03928276644498,50 deg
0.9717987476379469,105.09604961668714,50 deg
10.34724464242889,107.11655000607679,50 deg
-1.26198579660086,119.53591751170724,50 deg
8.27630018472342,110.69952374362768,50 deg
-7.049471238371801,117.73388687460009,50 deg
4.475386471949759,107.41395786190684,50 deg
-8.94066503912016,110.34565943351319,50 deg
2.743343020833888,107.36936518723473,50 deg
3.246221251172945,99.7483391036557,50 deg
-15.844643717066019,114.23132247939044,50 deg
-7.303289059977103,115.26483226560993,50 deg
-10.229924640176904,103.19914128429922,50 deg
7.283923625315176,105.92577389842585,50 deg
6.203620961798466,103.79358069718747,50 deg
1.2453727099628626,109.52200061138396,50 deg
-0.5412770894577208,108.38474238672791,50 deg
-13.730433350660745,119.88226227589122,50 deg
-14.765967417131638,111.77214633946382,50 deg
-7.254168847238308,112.53248387757984,50 deg
-0.15197857199769893,116.33813914648373,50 deg
-4.260708220581151,111.71088543522818,50 deg
-6.214210628070155,112.41451238289122,50 deg
14.883875024324794,108.98213663761015,50 deg
6.313373462496101,100.9400825429526,50 deg
5.769894561348661,97.05927389016774,50 deg
-8.312637006549398,112.7847080024577,50 deg
26.461109626169996,104.40273308573475,50 deg
-4.867833447720274,109.29011826315252,50 deg
-6.5151264140539205,114.19906513357172,50 deg
-3.297574065693024,115.29485860057063,50 deg
10.25033652572584,106.18039392291384,50 deg
0.6859912373588414,103.72272014397835,50 deg
0.9333795138437226,105.09405931777668,50 deg
-5.6136579361323165,110.54492734634486,50 deg
-7.982039991407904,114.14884368604515,50 deg
0.1291010002371447,103.1402184472098,50 deg
-7.953813332054133,114.60023417687685,50 deg
7.626190452055506,107.20771523049194,50 deg
19.528302528974866,108.30460944141737,50 deg
-17.846926655121088,110.41913984948704,50 deg
5.362908562907737,100.42451895467767,50 deg
-6.132854609008949,120.03026365710237,50 deg
-5.575196842793555,114.07126429359135,50 deg
-11.079340458391824,123.40219236128173,50 deg
11.494654661958457,105.86457079978517,50 deg
15.972656929293665,88.72453245140288,54 deg
2.1349287925374405,98.78264056478228,54 deg
0.5296057278975286,88.95534332308225,54 deg
-2.1668294449379726,99.59991836092377,54 deg
-1.0335052498264683,101.4839239633293,54 deg
1.1201090180168445,92.08267394648269,54 deg
-5.629941985468077,95.97492014295227,54 deg
13.890798699421012,87.47500917076034,54 deg
-1.8503975185969948,103.09558985280447,54 deg
-3.229569884661489,103.97809905064514,54 deg
-3.2552668541647716,98.13040316652963,54 deg
8.914799008341507,93.4952647959592,54 deg
3.8358896432615617,91.19219816541938,54 deg
-0.5123636068511067,104.12341789350354,54 deg
-2.6245572048970343,104.07919917779374,54 deg
-8.464776314591852,100.44366167422965,54 deg
10.5281874321326,93.99624221661938,54 deg
-2.4821312070522406,103.81048781428397,54 deg
-0.6275188261663351,105.90056910226599,54 deg
-1.6527202675530774,103.13209071754315,54 deg
2.6979539972416315,93.97995390696892,54 deg
11.076167471377246,91.34279977928641,54 deg
17.7006355877197,95.57586417063577,54 deg
-2.600947903639356,102.28100500437296,54 deg
-1.6071323479830912,91.78468374512923,54 deg
-18.282885759512247,97.56446712560708,54 deg
0.7616502017759224,97.65533171115233,54 deg
4.43690319339161,89.96524197859094,54 deg
7.470223770061796,92.44116053247328,54 deg
7.882936979540644,88.89800126830892,54 deg
5.732763151174855,96.91332049642116,54 deg
3.469517092643304,97.20322306414424,54 deg
-5.555220644830749,95.27777988877595,54 deg
2.6837120370167615,99.23239380744133,54 deg
15.062611338921585,99.49089319832896,54 deg
-14.560124783872144,104.76525916159292,54 deg
-3.430772215620937,100.01889156109065,54 deg
-6.322938397360364,102.51634398761006,54 deg
-1.1943974257698278,102.50959191233763,54 deg
-7.830928543600005,98.35771743128196,54 deg
0.4601199722779638,93.8299053590501,54 deg
8.937039792183535,86.45838015858453,54 deg
-3.848715072231064,114.76459091774407,54 deg
-3.2838188657800234,107.62721198060869,54 deg
-15.35605810181336,103.17627755836384,54 deg
-6.418488809692304,100.87600648278361,54 deg
-1.2489968944304028,106.78165676298919,54 deg
-1.5237893632935928,106.91245105120814,54 deg
-4.36222539715785,100.97560925444215,54 deg
3.22565995308321,91.19761323361631,54 deg
9.517831835562971,89.30644831624465,54 deg
8.647215561341902,92.26737862333513,54 deg
2.9759989939858222,95.83637885851726,54 deg
-6.990158846275467,101.85097461641885,54 deg
10.550645326063867,97.18502012075228,54 deg
-10.528546467644272,104.94751749894161,54 deg
15.026001109104197,97.17111900380971,54 deg
3.9427001288945736,91.65499762361237,54 deg
-0.6953965386587908,96.56346992140665,54 deg
-10.707123791354576,104.25005526862655,54 deg
-2.9099762943229837,102.58200269326016,54 deg
13.810255144807362,98.04040173669051,54 deg
6.587244154038436,94.57134664167997,54 deg
11.77983676031849,92.55906389572456,54 deg
-7.7458295354239635,105.46357654005165,54 deg
-17.732273688331905,104.23780336972159,54 deg
5.238492995833564,93.705564112891,54 deg
2.0882646857596425,94.64687971075023,54 deg
6.497569453749803,101.28365278607583,54 deg
8.367221683897716,92.28018285092922,54 deg
7.524773984070131,96.20814545624354,54 deg
2.7249142024682715,97.14989924514474,54 deg
1.5256394319949809,97.86153077099856,54 deg
-2.7532284560482108,101.28891010520155,54 deg
-4.738535249107274,94.89361844124451,54 deg
6.223051607157114,95.97803637363344,54 deg
3.418429739475901,89.26196953460885,54 deg
1.2785428873233564,90.84476532367174,54 deg
-0.9128372997921201,97.36395951680146,54 deg
9.328105343402106,97.24396734369118,54 deg
9.24596276685018,89.8853444953851,54 deg
6.6815290007733035,97.05126350169392,54 deg
7.970996921369949,96.79493727205882,54 deg
-7.771450251047118,106.73804773943706,54 deg
5.895846171349219,94.30507500441418,54 deg
-10.44582169187837,102.4745601351702,54 deg
-6.204486677878416,103.3701739849251,54 deg
-13.699986461134838,100.71450829468382,54 deg
-9.129710872942567,96.80786924632044,54 deg
-16.508335605744577,99.73899137863424,54 deg
-1.8012251501485665,101.49260236004163,54 deg
-0.9588903157490124,103.05862947380768,54 deg
-7.0672441639646575,94.86721719054253,54 deg
12.17983861933277,100.20952308042948,54 deg
3.590272449824219,95.94252312642732,54 deg
-14.612000521220036,97.95825003981325,54 deg
0.22179814889175614,97.99990394849554,54 deg
-7.547289279590639,99.62528097319739,54 deg
0.7037107774736895,90.9040448074723,54 deg
-6.723143837491782,100.14207701763446,54 deg
-13.84199265777256,78.53171832811478,60 deg
0.3792968174885258,79.92939900908534,60 deg
-8.462389973175403,86.35516194898518,60 deg
-4.7600265479940775,81.34202720364398,60 deg
-7.9593623185609,81.17001608966223,60 deg
2.9077504629269355,74.45166430852548,60 deg
12.983152500528622,68.52580578722534,60 deg
-6.834262752428332,83.25609544590736,60 deg
1.3990910913666428,73.37797489193541,60 deg
4.556425560096655,73.57773335694806,60 deg
8.113271940285049,77.84129109381901,60 deg
14.07556962754923,77.47783844138405,60 deg
-8.024943956058987,87.70408859072835,60 deg
-4.344289530152338,83.89101410298683,60 deg
6.070280437484085,72.04088525147758,60 deg
-8.404718427461141,81.13012788135117,60 deg
1.7728926213950704,77.11043193207156,60 deg
-7.852076964374133,81.20105968679154,60 deg
0.10135036972717011,74.23978117879908,60 deg
11.96023589697593,77.09808477875484,60 deg
0.6180331133950449,78.41780102977857,60 deg
4.297264816617822,72.53192411389655,60 deg
-1.9968144080024852,85.80443953506476,60 deg
-7.349385335892985,77.65279199759935,60 deg
-5.79140829026631,83.02427826753419,60 deg
4.6616910835104255,73.2255098611128,60 deg
-11.058075735373228,85.65051949341189,60 deg
-0.9893149398142311,84.97341475651393,60 deg
-10.446080099990143,83.72045362375236,60 deg
-2.7206542654741357,86.10581706598116,60 deg
-6.199681844045179,78.3482448841188,60 deg
0.6829863498406948,77.80208643956436,60 deg
10.155697223982285,76.03648033513035,60 deg
8.887778706052893,81.10298844666191,60 deg
-3.3808638819174797,84.25457175583348,60 deg
-7.886911859810241,81.14177737822462,60 deg
-4.579869870304533,83.85932482598247,60 deg
-9.964154842744101,81.92164815297525,60 deg
-12.965536601350244,81.60294478701034,60 deg
9.46361326522097,72.21270978316828,60 deg
0.5096132601017159,74.65003990287066,60 deg
-8.963798814065354,83.36445043570971,60 deg
-6.270189149145781,87.2930445209624,60 deg
8.574163407913696,76.05874700036938,60 deg
-6.443159876810783,82.36792769323972,60 deg
-7.517791046438485,84.3602220768566,60 deg
5.150975679587522,74.98547394678242,60 deg
-7.611088453316839,84.02467660786235,60 deg
-2.7524540211482997,86.29733624310131,60 deg
7.028774279157017,72.62014529457099,60 deg
4.565621187930529,79.37605684901337,60 deg
2.5161352074472685,79.69870807238732,60 deg
5.370056258006331,75.0664598796925,60 deg
14.009478414187729,70.9251341254878,60 deg
-0.3576130624576599,82.99808413874507,60 deg
-0.3264105953897169,82.62083402058127,60 deg
12.758120911519764,75.52086281042556,60 deg
-4.485004336434618,83.8734843592469,60 deg
0.16078455059599597,77.09825860372504,60 deg
6.969192238624047,77.86867455047593,60 deg
-8.261892702385452,86.90054178757312,60 deg
1.7951183846856391,69.67400839381901,60 deg
-3.892847532848305,86.74336243206014,60 deg
5.021272683450698,74.45041826706567,60 deg
1.9186512172918238,75.24916220524513,60 deg
-1.3037328285497574,76.88586098156581,60 deg
-6.573340218430384,90.91752724404365,60 deg
1.122049744073255,75.37038313157542,60 deg
4.534735848435579,72.62247471988186,60 deg
2.8760931321419094,72.97710214763009,60 deg
-7.627149961383031,77.97454816857518,60 deg
6.636800581219797,79.04160062738461,60 deg
3.575083920636342,79.5453105588052,60 deg
8.47966800437593,71.7897673179339,60 deg
-4.560032880309583,77.3449381498059,60 deg
-4.1254982566757405,85.50179774259645,60 deg
-5.262979318761299,80.08986421607612,60 deg
-2.959988119556532,80.99036769668093,60 deg
0.48535254938045996,83.9142306599622,60 deg
5.8986695236107805,77.0434805384655,60 deg
-0.32950516073928116,82.93986982619475,60 deg
4.021598839840121,77.02407547999529,60 deg
-0.3515609565248362,78.08713623088126,60 deg
0.6299249941175554,76.88707667335261,60 deg
20.306839808409634,82.03637126594536,60 deg
-2.69400558007343,84.48599263151658,60 deg
-4.034177692580092,80.70894281883689,60 deg
-12.602964925142949,90.71253748405124,60 deg
-4.785146574721864,82.5037799156472,60 deg
2.390421461465519,76.11383802223438,60 deg
-2.879604281379595,84.89152302257311,60 deg
-5.753619065908335,83.09652294945698,60 deg
6.991028607122235,79.51955055062643,60 deg
-4.446727292909053,80.31490494413609,60 deg
2.5136890395528417,82.37418840077638,60 deg
-0.8365566457566067,78.11500111381756,60 deg
7.79754201953028,75.20933471648542,60 deg
-10.979789093560186,85.08534673936055,60 deg
3.0407914325760337,75.37708247734226,60 deg
1.4281482456703736,77.15736444425993,60 deg
